CardName;basedeck;EP1;EP2;Alternative;Source;OriginArea;OriginQuest;Details;Coords;;;;;;;;;;;;;;
gwint_card_cynthia;;;;;Bought;NML;;_store__Barons_Quartermaster;[[220.396 138.072 34.3577 1309.2|-11.1282 851.999 0]];;;;;;;;;;;;;;
gwint_card_nausicaa;;;;;Bought;NML;;_store__Barons_Quartermaster;[[220.396 138.072 34.3577 1309.2|-11.1282 851.999 0]];;;;;;;;;;;;;;
gwint_card_blue_stripes;2;;;1;Bought;NML;;_store__Barons_Quartermaster;[[220.396 138.072 34.3577 1309.2|-11.1282 851.999 0]];;;;;;;;;;;;;;
gwint_card_dummy;;;;1;Bought;NML;;_store__Barons_Quartermaster;[[220.396 138.072 34.3577 1309.2|-11.1282 851.999 0]];;;;;;;;;;;;;;
gwint_card_impera_brigade;;;;;Bought;NML;;_store__Barons_Village_Trader;[[198.832 83.5363 22.6578 1578.7|-4.1282 661.499 0]];;;;;;;;;;;;;;
gwint_card_nausicaa3;;;;;Bought;NML;;_store__Barons_Village_Trader;[[198.832 83.5363 22.6578 1578.7|-4.1282 661.499 0]];;;;;;;;;;;;;;
gwint_card_albrich;;;;;Bought;NML;;_store__Barons_Village_Trader;[[198.832 83.5363 22.6578 1578.7|-4.1282 661.499 0]];;;;;;;;;;;;;;
gwint_card_zerri;;;;;Bought;NML;;_store__Barons_Village_Trader;[[198.832 83.5363 22.6578 1578.7|-4.1282 661.499 0]];;;;;;;;;;;;;;
gwint_card_emhyr_platinium;;1;;;Bought;NML;;_store__Circus_camp_merchant;[[1487.68 1544.85 3.39734 2|-23.233 46.0368 0]];;;;;;;;;;;;;;
gwint_card_foltest_platinium;;1;;;Bought;NML;;_store__Circus_camp_merchant;[[1487.68 1544.85 3.39734 2|-23.233 46.0368 0]];;;;;;;;;;;;;;
gwint_card_siege_support;;1;;1;Bought;NML;;_store__Circus_camp_merchant;[[1487.68 1544.85 3.39734 2|-23.233 46.0368 0]];;;;;;;;;;;;;;
gwint_card_catapult2;;1;;1;Bought;NML;;_store__Circus_camp_merchant;[[1487.68 1544.85 3.39734 2|-23.233 46.0368 0]];;;;;;;;;;;;;;
gwint_card_barclay;;1;;1;Bought;NML;;_store__Circus_camp_merchant;[[1487.68 1544.85 3.39734 2|-23.233 46.0368 0]];;;;;;;;;;;;;;
gwint_card_mahakam;;1;;1;Bought;NML;;_store__Circus_camp_merchant;[[1487.68 1544.85 3.39734 2|-23.233 46.0368 0]];;;;;;;;;;;;;;
gwint_card_mahakam4;;1;;1;Bought;NML;;_store__Circus_camp_merchant;[[1487.68 1544.85 3.39734 2|-23.233 46.0368 0]];;;;;;;;;;;;;;
gwint_card_mahakam5;;1;;1;Bought;NML;;_store__Circus_camp_merchant;[[1487.68 1544.85 3.39734 2|-23.233 46.0368 0]];;;;;;;;;;;;;;
gwint_card_vrihedd_brigade2;;1;;1;Bought;NML;;_store__Circus_camp_merchant;[[1487.68 1544.85 3.39734 2|-23.233 46.0368 0]];;;;;;;;;;;;;;
gwint_card_havekar_support3;;1;;1;Bought;NML;;_store__Circus_camp_merchant;[[1487.68 1544.85 3.39734 2|-23.233 46.0368 0]];;;;;;;;;;;;;;
gwint_card_dol_infantry;;1;;1;Bought;NML;;_store__Circus_camp_merchant;[[1487.68 1544.85 3.39734 2|-23.233 46.0368 0]];;;;;;;;;;;;;;
gwint_card_dol_archer;;1;;1;Bought;NML;;_store__Circus_camp_merchant;[[1487.68 1544.85 3.39734 2|-23.233 46.0368 0]];;;;;;;;;;;;;;
gwint_card_havekar_nurse3;;1;;1;Bought;NML;;_store__Circus_camp_merchant;[[1487.68 1544.85 3.39734 2|-23.233 46.0368 0]];;;;;;;;;;;;;;
gwint_card_mrmirror_foglet;;1;;;Bought;NML;;_store__Circus_camp_merchant;[[1487.68 1544.85 3.39734 2|-23.233 46.0368 0]];;;;;;;;;;;;;;
gwint_card_horn;;1;;1;Bought;NML;;_store__Circus_camp_merchant;[[1487.68 1544.85 3.39734 2|-23.233 46.0368 0]];;;;;;;;;;;;;;
gwint_card_emhyr_bronze;;;;;Bought;NML;;_store__Crossroads_Innkeeper;[[528.351 537.65 13.7739 87.7999|-10.1282 944.499 0]];;;;;;;;;;;;;;
gwint_card_impera_brigade2;;;;;Bought;NML;;_store__Crossroads_Innkeeper;[[528.351 537.65 13.7739 87.7999|-10.1282 944.499 0]];;;;;;;;;;;;;;
gwint_card_nausicaa2;;;;;Bought;NML;;_store__Crossroads_Innkeeper;[[528.351 537.65 13.7739 87.7999|-10.1282 944.499 0]];;;;;;;;;;;;;;
gwint_card_combat_engineer;;;;;Bought;NML;;_store__Crossroads_Innkeeper;[[528.351 537.65 13.7739 87.7999|-10.1282 944.499 0]];;;;;;;;;;;;;;
gwint_card_horn;;;;1;Bought;NML;;_store__Crossroads_Innkeeper;[[528.351 537.65 13.7739 87.7999|-10.1282 944.499 0]];;;;;;;;;;;;;;
gwint_card_archer_support2;;;;;Bought;NML;;_store__Glinsks_Trader;[[89.8249 -212.783 6.17834 2|-19.2535 62.756 0]];;;;;;;;;;;;;;
gwint_card_black_archer;;;;;Bought;NML;;_store__Glinsks_Trader;[[89.8249 -212.783 6.17834 2|-19.2535 62.756 0]];;;;;;;;;;;;;;
gwint_card_sweers;;;;;Bought;NML;;_store__Glinsks_Trader;[[89.8249 -212.783 6.17834 2|-19.2535 62.756 0]];;;;;;;;;;;;;;
gwint_card_puttkammer;;;;;Bought;NML;;_store__Glinsks_Trader;[[89.8249 -212.783 6.17834 2|-19.2535 62.756 0]];;;;;;;;;;;;;;
gwint_card_crinfrid2;;;;;Bought;NML;;_store__Glinsks_Trader;[[89.8249 -212.783 6.17834 2|-19.2535 62.756 0]];;;;;;;;;;;;;;
gwint_card_mahakam2;;;;;Bought;NML;;_store__Innkeeper_Stjepan;[[1704 1005.85 8.58578 17.9|-16.1282 920.499 0]];;;;;;;;;;;;;;
gwint_card_vrihedd_brigade;;;;;Bought;NML;;_store__Innkeeper_Stjepan;[[1704 1005.85 8.58578 17.9|-16.1282 920.499 0]];;;;;;;;;;;;;;
gwint_card_dol_dwarf;;;;;Bought;NML;;_store__Innkeeper_Stjepan;[[1704 1005.85 8.58578 17.9|-16.1282 920.499 0]];;;;;;;;;;;;;;
gwint_card_horn;;;;1;Bought;NML;;_store__Innkeeper_Stjepan;[[1704 1005.85 8.58578 17.9|-16.1282 920.499 0]];;;;;;;;;;;;;;
gwint_card_archer_support;;;;;Bought;NML;;_store__Midcotts_trader;[[780.098 63.3515 4.87918 65.3749|-4.6282 972.499 0]];;;;;;;;;;;;;;
gwint_card_rainfarn;;;;;Bought;NML;;_store__Midcotts_trader;[[780.098 63.3515 4.87918 65.3749|-4.6282 972.499 0]];;;;;;;;;;;;;;
gwint_card_black_archer2;;;;;Bought;NML;;_store__Midcotts_trader;[[780.098 63.3515 4.87918 65.3749|-4.6282 972.499 0]];;;;;;;;;;;;;;
gwint_card_heavy_zerri;;;;;Bought;NML;;_store__Midcotts_trader;[[780.098 63.3515 4.87918 65.3749|-4.6282 972.499 0]];;;;;;;;;;;;;;
gwint_card_poor_infantry3;;;;;Bought;NML;;_store__Midcotts_trader;[[780.098 63.3515 4.87918 65.3749|-4.6282 972.499 0]];;;;;;;;;;;;;;
gwint_card_morteisen;;;;;Bought;NML;;_store__Mouths_Shopkeeper;[[-374.066 -240.398 5.66264 15.4|-11.1282 1165.5 0]];;;;;;;;;;;;;;
gwint_card_blue_stripes;2;;;1;Bought;NML;;_store__Mouths_Shopkeeper;[[-374.066 -240.398 5.66264 15.4|-11.1282 1165.5 0]];;;;;;;;;;;;;;
gwint_card_crinfrid3;;;;;Bought;NML;;_store__Mouths_Shopkeeper;[[-374.066 -240.398 5.66264 15.4|-11.1282 1165.5 0]];;;;;;;;;;;;;;
gwint_card_poor_infantry2;;;;;Bought;NML;;_store__Mouths_Shopkeeper;[[-374.066 -240.398 5.66264 15.4|-11.1282 1165.5 0]];;;;;;;;;;;;;;
gwint_card_mrmirror_foglet;;1;;;Bought;NML;;_store__Ofir_merchant;[[2514.1 2417.38 7.08966 2|-21.8697 -71.5065 0]];;;;;;;;;;;;;;
gwint_card_horn;;;;1;Bought;NML;;_store__Passiflora;[[674.718 2102.35 34.6839 23.9|4.3718 996.499 0]];;;;;;;;;;;;;;
gwint_card_dummy;;;;1;Bought;NML;;_store__Seven_Cats_Inn;[[1058.36 1726.19 5.33793 15.9|-9.1282 923.999 0]];;;;;;;;;;;;;;
gwint_card_siege_support;;;;1;Bought;Novigrad;;_store__Golden_Sturgeon_Inn;[[548.043 1856.05 7.40262 314|-7.6282 936.499 0]];;;;;;;;;;;;;;
gwint_card_barclay;;;;1;Bought;Novigrad;;_store__Golden_Sturgeon_Inn;[[548.043 1856.05 7.40262 314|-7.6282 936.499 0]];;;;;;;;;;;;;;
gwint_card_mahakam4;;;;1;Bought;Novigrad;;_store__Golden_Sturgeon_Inn;[[548.043 1856.05 7.40262 314|-7.6282 936.499 0]];;;;;;;;;;;;;;
gwint_card_dol_infantry;;;;1;Bought;Novigrad;;_store__Golden_Sturgeon_Inn;[[548.043 1856.05 7.40262 314|-7.6282 936.499 0]];;;;;;;;;;;;;;
gwint_card_francesca_bronze;;;;;Bought;Novigrad;;_store__Gooses_Cunt_Barkeep;[[910.748 1500.48 3.60202 17.3|-18.6282 625.499 0]];;;;;;;;;;;;;;
gwint_card_impera_brigade4;;;;;Bought;Novigrad;;_store__Gooses_Cunt_Barkeep;[[910.748 1500.48 3.60202 17.3|-18.6282 625.499 0]];;;;;;;;;;;;;;
gwint_card_young_emissary;;;;;Bought;Novigrad;;_store__Gooses_Cunt_Barkeep;[[910.748 1500.48 3.60202 17.3|-18.6282 625.499 0]];;;;;;;;;;;;;;
gwint_card_havekar_nurse2;;;;;Bought;Novigrad;;_store__Gooses_Cunt_Barkeep;[[910.748 1500.48 3.60202 17.3|-18.6282 625.499 0]];;;;;;;;;;;;;;
gwint_card_scorch;;;;1;Bought;Novigrad;;_store__Gooses_Cunt_Barkeep;[[910.748 1500.48 3.60202 17.3|-18.6282 625.499 0]];;;;;;;;;;;;;;
gwint_card_mahakam5;;;;1;Bought;Novigrad;;_store__Kingfisher_Inn_Olivier;[[689.902 1912.7 16.3026 14.5|-18.1282 714.999 0]];;;;;;;;;;;;;;
gwint_card_vrihedd_brigade2;;;;1;Bought;Novigrad;;_store__Kingfisher_Inn_Olivier;[[689.902 1912.7 16.3026 14.5|-18.1282 714.999 0]];;;;;;;;;;;;;;
gwint_card_havekar_support3;;;;1;Bought;Novigrad;;_store__Kingfisher_Inn_Olivier;[[689.902 1912.7 16.3026 14.5|-18.1282 714.999 0]];;;;;;;;;;;;;;
gwint_card_havekar_nurse3;;;;1;Bought;Novigrad;;_store__Kingfisher_Inn_Olivier;[[689.902 1912.7 16.3026 14.5|-18.1282 714.999 0]];;;;;;;;;;;;;;
gwint_card_francesca_platinium;;1;;;Bought;Novigrad;;_store__Ofir_merchant;[[2514.1 2417.38 7.08966 2|-21.8697 -71.5065 0]];;;;;;;;;;;;;;
gwint_card_eredin_platinium;;1;;;Bought;Novigrad;;_store__Ofir_merchant;[[2514.1 2417.38 7.08966 2|-21.8697 -71.5065 0]];;;;;;;;;;;;;;
gwint_card_catapult2;;;;1;Bought;Novigrad;;_store__Passiflora;[[674.718 2102.35 34.6839 23.9|4.3718 996.499 0]];;;;;;;;;;;;;;
gwint_card_mahakam;;;;1;Bought;Novigrad;;_store__Passiflora;[[674.718 2102.35 34.6839 23.9|4.3718 996.499 0]];;;;;;;;;;;;;;
gwint_card_dol_archer;;;;1;Bought;Novigrad;;_store__Passiflora;[[674.718 2102.35 34.6839 23.9|4.3718 996.499 0]];;;;;;;;;;;;;;
gwint_card_impera_brigade3;;;;;Bought;Novigrad;;_store__Seven_Cats_Inn;[[1058.36 1726.19 5.33793 15.9|-9.1282 923.999 0]];;;;;;;;;;;;;;
gwint_card_young_emissary2;;;;;Bought;Novigrad;;_store__Seven_Cats_Inn;[[1058.36 1726.19 5.33793 15.9|-9.1282 923.999 0]];;;;;;;;;;;;;;
gwint_card_mahakam3;;;;;Bought;Novigrad;;_store__Seven_Cats_Inn;[[1058.36 1726.19 5.33793 15.9|-9.1282 923.999 0]];;;;;;;;;;;;;;
gwint_card_havekar_support;;;;;Bought;Novigrad;;_store__Seven_Cats_Inn;[[1058.36 1726.19 5.33793 15.9|-9.1282 923.999 0]];;;;;;;;;;;;;;
gwint_card_foltest_bronze;;;;1;Bought;Prologue;;_store__Griffon_merchant;[[90.1457 -1.79759 5.02541 895.2|-19.996 1843.28 0]];;;;;;;;;;;;;;
gwint_card_catapult;;;;1;Bought;Prologue;;_store__Griffon_merchant;[[90.1457 -1.79759 5.02541 895.2|-19.996 1843.28 0]];;;;;;;;;;;;;;
gwint_card_blue_stripes;2;;;1;Bought;Prologue;;_store__Griffon_merchant;[[90.1457 -1.79759 5.02541 895.2|-19.996 1843.28 0]];;;;;;;;;;;;;;
gwint_card_crinfrid;;;;1;Bought;Prologue;;_store__Griffon_merchant;[[90.1457 -1.79759 5.02541 895.2|-19.996 1843.28 0]];;;;;;;;;;;;;;
gwint_card_foltest_bronze;;;;1;Bought;Prologue;;_store__Innkeeperess_Prologue;[[52.8378 7.85636 4.52545 23.5|-19.996 1515.78 0]];;;;;;;;;;;;;;
gwint_card_catapult;;;;1;Bought;Prologue;;_store__Innkeeperess_Prologue;[[52.8378 7.85636 4.52545 23.5|-19.996 1515.78 0]];;;;;;;;;;;;;;
gwint_card_blue_stripes;2;;;1;Bought;Prologue;;_store__Innkeeperess_Prologue;[[52.8378 7.85636 4.52545 23.5|-19.996 1515.78 0]];;;;;;;;;;;;;;
gwint_card_crinfrid;;;;1;Bought;Prologue;;_store__Innkeeperess_Prologue;[[52.8378 7.85636 4.52545 23.5|-19.996 1515.78 0]];;;;;;;;;;;;;;
gwint_card_dummy;;;;1;Bought;Prologue;;_store__Innkeeperess_Prologue;[[52.8378 7.85636 4.52545 23.5|-19.996 1515.78 0]];;;;;;;;;;;;;;
gwint_card_thaler;;;;;Bought;Skellige;;_store__Arinbjorn_Innkeeper;[[-599.51 -279.391 27.2834 423.4|-14.5 326 0]];;;;;;;;;;;;;;
gwint_card_fiend;;;;;Bought;Skellige;;_store__Arinbjorn_Innkeeper;[[-599.51 -279.391 27.2834 423.4|-14.5 326 0]];;;;;;;;;;;;;;
gwint_card_crone_whispess;;;;;Bought;Skellige;;_store__Arinbjorn_Innkeeper;[[-599.51 -279.391 27.2834 423.4|-14.5 326 0]];;;;;;;;;;;;;;
gwint_card_arachas;;;;;Bought;Skellige;;_store__Arinbjorn_Innkeeper;[[-599.51 -279.391 27.2834 423.4|-14.5 326 0]];;;;;;;;;;;;;;
gwint_card_ice_giant;;;;;Bought;Skellige;;_store__Brokvar_Smith;[[-1628.93 1423.66 11.276 0.200008|-27 651.5 0]];;;;;;;;;;;;;;
gwint_card_ekkima;;;;;Bought;Skellige;;_store__Brokvar_Smith;[[-1628.93 1423.66 11.276 0.200008|-27 651.5 0]];;;;;;;;;;;;;;
gwint_card_arachas3;;;;;Bought;Skellige;;_store__Brokvar_Smith;[[-1628.93 1423.66 11.276 0.200008|-27 651.5 0]];;;;;;;;;;;;;;
gwint_card_fogling;;;;;Bought;Skellige;;_store__Brokvar_Smith;[[-1628.93 1423.66 11.276 0.200008|-27 651.5 0]];;;;;;;;;;;;;;
gwint_card_harpy;;;;;Bought;Skellige;;_store__Dimun_Tavern_Barkeep;[[1717.59 -1934.1 6.59275 2|-16.7551 -64.8188 0]];;;;;;;;;;;;;;
gwint_card_nekker2;;;;;Bought;Skellige;;_store__Dimun_Tavern_Barkeep;[[1717.59 -1934.1 6.59275 2|-16.7551 -64.8188 0]];;;;;;;;;;;;;;
gwint_card_fleder;;;;;Bought;Skellige;;_store__Dimun_Tavern_Barkeep;[[1717.59 -1934.1 6.59275 2|-16.7551 -64.8188 0]];;;;;;;;;;;;;;
gwint_card_ghoul;;;;;Bought;Skellige;;_store__Dimun_Tavern_Barkeep;[[1717.59 -1934.1 6.59275 2|-16.7551 -64.8188 0]];;;;;;;;;;;;;;
gwint_card_eredin_bronze;;;;;Bought;Skellige;;_store__Kaer_Trolde_Inn;[[-60.3914 626.852 4.58671 59|-9 864 0]];;;;;;;;;;;;;;
gwint_card_earth_elemental;;;;;Bought;Skellige;;_store__Kaer_Trolde_Inn;[[-60.3914 626.852 4.58671 59|-9 864 0]];;;;;;;;;;;;;;
gwint_card_botchling;;;;;Bought;Skellige;;_store__Kaer_Trolde_Inn;[[-60.3914 626.852 4.58671 59|-9 864 0]];;;;;;;;;;;;;;
gwint_card_scorch;;;;1;Bought;Skellige;;_store__Kaer_Trolde_Inn;[[-60.3914 626.852 4.58671 59|-9 864 0]];;;;;;;;;;;;;;
gwint_card_elf_skirmisher;;;;;Bought;Skellige;;_store__Tuiseach_Inn_owner;[[1531.04 1910.52 10.2817 -1.5|-16.5 105 0]];;;;;;;;;;;;;;
gwint_card_werewolf;;;;;Bought;Skellige;;_store__Tuiseach_Inn_owner;[[1531.04 1910.52 10.2817 -1.5|-16.5 105 0]];;;;;;;;;;;;;;
gwint_card_arachas2;;;;;Bought;Skellige;;_store__Tuiseach_Inn_owner;[[1531.04 1910.52 10.2817 -1.5|-16.5 105 0]];;;;;;;;;;;;;;
gwint_card_scorch;;;;1;Bought;Skellige;;_store__Tuiseach_Inn_owner;[[1531.04 1910.52 10.2817 -1.5|-16.5 105 0]];;;;;;;;;;;;;;
gwint_card_cow;;1;;;Loot;Novigrad;;Upper floor of the barn at the wedding.;[[2246.14 2531.04 8.3794 2|-20.4408 -217.256 0]];;;;;;;;;;;;;;
gwint_card_dijkstra;;;;;Quest;NML;cg100;Baron;[[quests\witcher3_quest.w2quest|1859127B-479ECBB6-5AFE6282-83349E4C 982EB5F0-47D17D5F-344B2C94-BBA48CB4 4385DEDF-45097C3B-729EA8A3-4320BC5E D6CAE1FD-45F770FF-098D1BA0-62170C44 73FF556C-4E32F177-6810888A-81061338 637374F9-4F3C9420-F2CA6EA1-12BEE25A|0.513115|1010 471]];;;;;;;;;;;;;;
gwint_card_letho;;;;;Quest;NML;cg100;Boat Builder;[[quests\witcher3_quest.w2quest|1859127B-479ECBB6-5AFE6282-83349E4C 982EB5F0-47D17D5F-344B2C94-BBA48CB4 4385DEDF-45097C3B-729EA8A3-4320BC5E D6CAE1FD-45F770FF-098D1BA0-62170C44 73FF556C-4E32F177-6810888A-81061338 FCE8679B-4A970AD4-407EAB82-69E429D4|0.813551|285 -31]];;;;;;;;;;;;;;
gwint_card_crone_weavess;;;;;Quest;NML;cg100;Hermit;[[quests\witcher3_quest.w2quest|1859127B-479ECBB6-5AFE6282-83349E4C 982EB5F0-47D17D5F-344B2C94-BBA48CB4 4385DEDF-45097C3B-729EA8A3-4320BC5E D6CAE1FD-45F770FF-098D1BA0-62170C44 73FF556C-4E32F177-6810888A-81061338 9F563849-47A63F36-754CF6B9-8D51ACB3|0.994857|128 77]];;;;;;;;;;;;;;
gwint_card_vernon;;;;;Quest;NML;cg100;Prodigy;[[quests\witcher3_quest.w2quest|1859127B-479ECBB6-5AFE6282-83349E4C 982EB5F0-47D17D5F-344B2C94-BBA48CB4 4385DEDF-45097C3B-729EA8A3-4320BC5E D6CAE1FD-45F770FF-098D1BA0-62170C44 73FF556C-4E32F177-6810888A-81061338 8D17F79B-4CD490C8-B67496B5-56BC8060|0.839441|543 154]];;;;;;;;;;;;;;
gwint_card_eredin_silver;;;;;Quest;NML;cg100;Quest End Reward;[[quests\witcher3_quest.w2quest|1859127B-479ECBB6-5AFE6282-83349E4C 982EB5F0-47D17D5F-344B2C94-BBA48CB4 4385DEDF-45097C3B-729EA8A3-4320BC5E D6CAE1FD-45F770FF-098D1BA0-62170C44 73FF556C-4E32F177-6810888A-81061338|1.55|-1227 150]];;;;;;;;;;;;;;
gwint_card_katakan;;;;1;Quest;Skellige;cg200;cg200_lugos_the_mad_card_locker;;;;;;;;;;;;;;;
gwint_card_draug;;;;;Quest;Skellige;cg200;Crach;[[quests\witcher3_quest.w2quest|1859127B-479ECBB6-5AFE6282-83349E4C 982EB5F0-47D17D5F-344B2C94-BBA48CB4 4385DEDF-45097C3B-729EA8A3-4320BC5E D6CAE1FD-45F770FF-098D1BA0-62170C44 01A1BBF7-4F4ACC27-10D1E595-9A4254D6 94681EE4-4198D02D-FAC16997-D98506CA|0.949809|69 -8]];;;;;;;;;;;;;;
gwint_card_avallach;;;;;Quest;Skellige;cg200;Gremist;[[quests\witcher3_quest.w2quest|1859127B-479ECBB6-5AFE6282-83349E4C 982EB5F0-47D17D5F-344B2C94-BBA48CB4 4385DEDF-45097C3B-729EA8A3-4320BC5E D6CAE1FD-45F770FF-098D1BA0-62170C44 01A1BBF7-4F4ACC27-10D1E595-9A4254D6 3BB05410-48D67861-A8525E9A-C18383EC|0.794614|99 164]];;;;;;;;;;;;;;
gwint_card_katakan;;;;1;Quest;Skellige;cg200;Lugos the Mad;[[quests\witcher3_quest.w2quest|1859127B-479ECBB6-5AFE6282-83349E4C 982EB5F0-47D17D5F-344B2C94-BBA48CB4 4385DEDF-45097C3B-729EA8A3-4320BC5E D6CAE1FD-45F770FF-098D1BA0-62170C44 01A1BBF7-4F4ACC27-10D1E595-9A4254D6 66931ED9-47B3BFEA-52B7F1B4-D20A3BB1|0.677696|973 187]];;;;;;;;;;;;;;
gwint_card_leshen;;;;;Quest;Skellige;cg200;Mousesack;[[quests\witcher3_quest.w2quest|1859127B-479ECBB6-5AFE6282-83349E4C 982EB5F0-47D17D5F-344B2C94-BBA48CB4 4385DEDF-45097C3B-729EA8A3-4320BC5E D6CAE1FD-45F770FF-098D1BA0-62170C44 01A1BBF7-4F4ACC27-10D1E595-9A4254D6 BC1B5324-4D6F51D7-99843AB2-2071535A|0.733361|458 263]];;;;;;;;;;;;;;
gwint_card_emhyr_silver;;;;;Quest;Skellige;cg200;Quest End Reward;[[quests\witcher3_quest.w2quest|1859127B-479ECBB6-5AFE6282-83349E4C 982EB5F0-47D17D5F-344B2C94-BBA48CB4 4385DEDF-45097C3B-729EA8A3-4320BC5E D6CAE1FD-45F770FF-098D1BA0-62170C44 01A1BBF7-4F4ACC27-10D1E595-9A4254D6|2|-439 -53]];;;;;;;;;;;;;;
gwint_card_yaevinn;;;;;Quest;Skellige;cg200;Sjusta;[[quests\witcher3_quest.w2quest|1859127B-479ECBB6-5AFE6282-83349E4C 982EB5F0-47D17D5F-344B2C94-BBA48CB4 4385DEDF-45097C3B-729EA8A3-4320BC5E D6CAE1FD-45F770FF-098D1BA0-62170C44 01A1BBF7-4F4ACC27-10D1E595-9A4254D6 3D4829DA-48BB3E4E-4FE919B9-5CFD57C1|0.729979|472 155]];;;;;;;;;;;;;;
gwint_card_menno;;;;;Quest;NML;cg300;(Innkeepers) Crossroads Innkeeper;[[quests\witcher3_quest.w2quest|1859127B-479ECBB6-5AFE6282-83349E4C 982EB5F0-47D17D5F-344B2C94-BBA48CB4 4385DEDF-45097C3B-729EA8A3-4320BC5E D6CAE1FD-45F770FF-098D1BA0-62170C44 C8423188-4796880C-5264DE99-065768AC 50FDF6AC-46F826D3-6CF5678A-A78F6EE9|0.97864|9 150]];;;;;;;;;;;;;;
gwint_card_tibor;;;;1;Quest;Novigrad;cg300;(Innkeepers) Olivier;[[quests\witcher3_quest.w2quest|1859127B-479ECBB6-5AFE6282-83349E4C 982EB5F0-47D17D5F-344B2C94-BBA48CB4 4385DEDF-45097C3B-729EA8A3-4320BC5E D6CAE1FD-45F770FF-098D1BA0-62170C44 C8423188-4796880C-5264DE99-065768AC 215509C2-4D552883-12CB708A-2E961F10|0.634475|779 156]];;;;;;;;;;;;;;
gwint_card_yennefer;;;;;Quest;NML;cg300;(Innkeepers) Stjepan;[[quests\witcher3_quest.w2quest|1859127B-479ECBB6-5AFE6282-83349E4C 982EB5F0-47D17D5F-344B2C94-BBA48CB4 4385DEDF-45097C3B-729EA8A3-4320BC5E D6CAE1FD-45F770FF-098D1BA0-62170C44 C8423188-4796880C-5264DE99-065768AC 6035B40E-45D63A10-2D8297A4-A3DC670A|0.648176|729 393]];;;;;;;;;;;;;;
gwint_card_triss;;;;1;Quest;KaerMorhen;cg300;(Old Friends) Lambert;[[quests\witcher3_quest.w2quest|1859127B-479ECBB6-5AFE6282-83349E4C 982EB5F0-47D17D5F-344B2C94-BBA48CB4 4385DEDF-45097C3B-729EA8A3-4320BC5E D6CAE1FD-45F770FF-098D1BA0-62170C44 67260ECE-4DCCD782-9E0590B7-FB1D7E27 F4AC6FF7-47975583-69A71F83-F358BB4C|0.418108|1321 604]];;;;;;;;;;;;;;
gwint_card_saskia;;;;;Quest;NML;cg300;(Old Friends) Roche;[[quests\witcher3_quest.w2quest|1859127B-479ECBB6-5AFE6282-83349E4C 982EB5F0-47D17D5F-344B2C94-BBA48CB4 4385DEDF-45097C3B-729EA8A3-4320BC5E D6CAE1FD-45F770FF-098D1BA0-62170C44 67260ECE-4DCCD782-9E0590B7-FB1D7E27 15AE71AF-4E8CFA81-0686F7BE-400BE9DD|0.665011|552 217]];;;;;;;;;;;;;;
gwint_card_geralt;;;;1;Quest;Novigrad;cg300;(Old Friends) Thaler;[[quests\witcher3_quest.w2quest|1859127B-479ECBB6-5AFE6282-83349E4C 982EB5F0-47D17D5F-344B2C94-BBA48CB4 4385DEDF-45097C3B-729EA8A3-4320BC5E D6CAE1FD-45F770FF-098D1BA0-62170C44 67260ECE-4DCCD782-9E0590B7-FB1D7E27 3F2B09EA-43520D86-835F45AC-380FA4E6|0.810144|292 -65]];;;;;;;;;;;;;;
gwint_card_eithne;;;;;Quest;Novigrad;cg300;(Old Friends) Zoltan;[[quests\witcher3_quest.w2quest|1859127B-479ECBB6-5AFE6282-83349E4C 982EB5F0-47D17D5F-344B2C94-BBA48CB4 4385DEDF-45097C3B-729EA8A3-4320BC5E D6CAE1FD-45F770FF-098D1BA0-62170C44 67260ECE-4DCCD782-9E0590B7-FB1D7E27 DB22A880-4AF68B4A-FCDD4295-FCC8867C|0.924098|-149 71]];;;;;;;;;;;;;;
gwint_card_triss;;;;1;Quest;KaerMorhen;cg300;cg300_lamberts_card_locker;;;;;;;;;;;;;;;
gwint_card_tibor;;;;1;Quest;Novigrad;cg300;cg300_oliviers_card_locker;[[694.316 1913.85 15.5457 -0.4|-24.1282 517.999 0]];;;;;;;;;;;;;;
gwint_card_geralt;;;;1;Quest;Novigrad;cg300;cg300_talars_card_locker;[[1042.74 1726.69 4.78495 9.4|-24.1282 502.499 0]];;;;;;;;;;;;;;
gwint_card_esterad;;;;;Quest;Novigrad;cg300;Dijkstra;[[quests\witcher3_quest.w2quest|1859127B-479ECBB6-5AFE6282-83349E4C 982EB5F0-47D17D5F-344B2C94-BBA48CB4 4385DEDF-45097C3B-729EA8A3-4320BC5E D6CAE1FD-45F770FF-098D1BA0-62170C44 8D694973-41DC35B7-8EFBCDBA-EB2E1DA7 E8C11EC8-4C450F38-8E545FB1-708C349E|0.430089|642 522]];;;;;;;;;;;;;;
gwint_card_moorvran;;;;;Quest;Novigrad;cg300;Markize Serenity;[[quests\witcher3_quest.w2quest|1859127B-479ECBB6-5AFE6282-83349E4C 982EB5F0-47D17D5F-344B2C94-BBA48CB4 4385DEDF-45097C3B-729EA8A3-4320BC5E D6CAE1FD-45F770FF-098D1BA0-62170C44 8D694973-41DC35B7-8EFBCDBA-EB2E1DA7 AFEC9E03-4F7BB697-A891D98B-A0836BF4|1.02508|38 29]];;;;;;;;;;;;;;
gwint_card_francesca_silver;;;;;Quest;Novigrad;cg300;Quest End Reward;[[quests\witcher3_quest.w2quest|1859127B-479ECBB6-5AFE6282-83349E4C 982EB5F0-47D17D5F-344B2C94-BBA48CB4 4385DEDF-45097C3B-729EA8A3-4320BC5E D6CAE1FD-45F770FF-098D1BA0-62170C44 8D694973-41DC35B7-8EFBCDBA-EB2E1DA7|1.6|-578 33]];;;;;;;;;;;;;;
gwint_card_ciri;;;;;Quest;Novigrad;cg300;Scoia'tael trader;[[quests\witcher3_quest.w2quest|1859127B-479ECBB6-5AFE6282-83349E4C 982EB5F0-47D17D5F-344B2C94-BBA48CB4 4385DEDF-45097C3B-729EA8A3-4320BC5E D6CAE1FD-45F770FF-098D1BA0-62170C44 8D694973-41DC35B7-8EFBCDBA-EB2E1DA7 78658072-40E41049-1E6F4AA4-201D93EA|0.684355|336 243]];;;;;;;;;;;;;;
gwint_card_vesemir;;;;;Quest;Novigrad;cg300;Vivaldi;[[quests\witcher3_quest.w2quest|1859127B-479ECBB6-5AFE6282-83349E4C 982EB5F0-47D17D5F-344B2C94-BBA48CB4 4385DEDF-45097C3B-729EA8A3-4320BC5E D6CAE1FD-45F770FF-098D1BA0-62170C44 8D694973-41DC35B7-8EFBCDBA-EB2E1DA7 1D496058-4C4AC972-9808F3B5-CEDF6F90|0.662986|1112 359]];;;;;;;;;;;;;;
gwint_card_iorveth;;;;;Quest;Skellige;mq2039;From druid after quest;[[quests\witcher3_quest.w2quest|1859127B-479ECBB6-5AFE6282-83349E4C 982EB5F0-47D17D5F-344B2C94-BBA48CB4 2A8251F5-45B234C3-D23B93BD-06FC5434 7D282A5D-47F661F7-B124AAAB-160F8DFF|1.79434|-1221 -46]];;;;;;;;;;;;;;
gwint_card_zoltan;;;;1;Quest;NML;q002;Book under Hangman's tree;;;;;;;;;;;;;;;
gwint_card_foltest_silver;;;;;Quest;Vizima;q002;Nilfgaardian Nobleman;[[quests\witcher3_quest.w2quest|1859127B-479ECBB6-5AFE6282-83349E4C F0068098-40F77DCD-4D52759E-BE9464C1 9B5C5461-4CD48260-757A7481-54248441 B1190555-4AF5B510-1F51E6B7-9BBFE14F 282550E9-463872D9-BAB10AA3-167AC78D|0.648099|657 335]];;;;;;;;;;;;;;
gwint_card_mrmirror;;1;;;Quest;NML;q603;Hilbert at the Auction House.;[[dlc\ep1\data\quests\cyrograf_quest.w2quest|C11C615C-469067DD-B225F482-82A802BA 183F7EFF-4D80816D-146F5682-C7B78DA9 16D39403-4FE29AEA-BDA39780-F71493A1 4A130AA1-4BEC9DCE-E5000994-CAE59CCC|1.11055|38 -30]];;;;;;;;;;;;;;
gwint_card_nekker;;;;;Quest;Skellige;sq106;Loot from Hammond after killing him;quests\sidequests\no_mans_land\quest_files\sq106_killbill\characters\sq106_hammond.w2ent;;;;;;;;;;;;;;
gwint_card_milva;;;;;Quest;NML;sq301;Vegelbud Masquerade tournament;[[quests\witcher3_quest.w2quest|1859127B-479ECBB6-5AFE6282-83349E4C 982EB5F0-47D17D5F-344B2C94-BBA48CB4 E7675295-4917A5F1-4938309A-E9AB89DC 1E94C518-4C91B2A0-2B0E0DA4-177A31C1 6DB248D4-4EFC9AB7-D459AC96-DAB94EB4 B96E78ED-4BE05A98-4CF22D92-B7D07019 0E9107F4-432C732F-2430D4BF-0E029A8F|0.623034|403 389]];;;;;;;;;;;;;;
gwint_card_bruxa;;;;;Quest;NML;sq301;Vegelbud Masquerade tournament;[[quests\witcher3_quest.w2quest|1859127B-479ECBB6-5AFE6282-83349E4C 982EB5F0-47D17D5F-344B2C94-BBA48CB4 E7675295-4917A5F1-4938309A-E9AB89DC 1E94C518-4C91B2A0-2B0E0DA4-177A31C1 6DB248D4-4EFC9AB7-D459AC96-DAB94EB4 B96E78ED-4BE05A98-4CF22D92-B7D07019 0E9107F4-432C732F-2430D4BF-0E029A8F|0.623034|403 389]];;;;;;;;;;;;;;
gwint_card_dandelion;;;;;Quest;NML;sq301;Vegelbud Masquerade tournament;[[quests\witcher3_quest.w2quest|1859127B-479ECBB6-5AFE6282-83349E4C 982EB5F0-47D17D5F-344B2C94-BBA48CB4 E7675295-4917A5F1-4938309A-E9AB89DC 1E94C518-4C91B2A0-2B0E0DA4-177A31C1 6DB248D4-4EFC9AB7-D459AC96-DAB94EB4 B96E78ED-4BE05A98-4CF22D92-B7D07019 0E9107F4-432C732F-2430D4BF-0E029A8F|0.623034|403 389]];;;;;;;;;;;;;;
gwint_card_foltest_gold;;;;;Quest;Novigrad;sq306;Bernard;[[quests\witcher3_quest.w2quest|1859127B-479ECBB6-5AFE6282-83349E4C 982EB5F0-47D17D5F-344B2C94-BBA48CB4 E7675295-4917A5F1-4938309A-E9AB89DC 292E1278-4B869587-BCD9C6A1-95A7F3AE 84969338-4283AE9D-2805DCA0-2C6463AF 733E556F-4A63B5AF-12805BB0-F636E8F4|0.482872|898 641]];;;;;;;;;;;;;;
gwint_card_francesca_gold;;;;;Quest;Novigrad;sq306;Finneas;[[quests\witcher3_quest.w2quest|1859127B-479ECBB6-5AFE6282-83349E4C 982EB5F0-47D17D5F-344B2C94-BBA48CB4 E7675295-4917A5F1-4938309A-E9AB89DC 292E1278-4B869587-BCD9C6A1-95A7F3AE 84969338-4283AE9D-2805DCA0-2C6463AF 0D49D7F8-4C9C52B0-3586F6AC-FA5D1BEF|0.204463|1531 1940]];;;;;;;;;;;;;;
gwint_card_emhyr_gold;;;;;Quest;Novigrad;sq306;Sacha;[[quests\witcher3_quest.w2quest|1859127B-479ECBB6-5AFE6282-83349E4C 982EB5F0-47D17D5F-344B2C94-BBA48CB4 E7675295-4917A5F1-4938309A-E9AB89DC 292E1278-4B869587-BCD9C6A1-95A7F3AE 84969338-4283AE9D-2805DCA0-2C6463AF 45AED570-43B44519-D8641F93-C898D97A|0.384373|1102 801]];;;;;;;;;;;;;;
gwint_card_eredin_gold;;;;;Quest;Novigrad;sq306;Tybalt;[[quests\witcher3_quest.w2quest|1859127B-479ECBB6-5AFE6282-83349E4C 982EB5F0-47D17D5F-344B2C94-BBA48CB4 E7675295-4917A5F1-4938309A-E9AB89DC 292E1278-4B869587-BCD9C6A1-95A7F3AE 84969338-4283AE9D-2805DCA0-2C6463AF 24C9D67A-4E2BB915-9C86C788-C3C167AF|0.297122|1414 1189]];;;;;;;;;;;;;;
gwint_card_fringilla;;;;;Quest;Novigrad;sq310;Quest End Reward;[[quests\witcher3_quest.w2quest|1859127B-479ECBB6-5AFE6282-83349E4C 982EB5F0-47D17D5F-344B2C94-BBA48CB4 E7675295-4917A5F1-4938309A-E9AB89DC 68FC4975-4F319B67-FAC473A5-62122859 67D06E19-4321233F-616B198C-E9F63CA2|0.227467|1703 1551]];;;;;;;;;;;;;;
gwint_card_natalis;;;;;Quest;Novigrad;sq310;Quest End Reward;[[quests\witcher3_quest.w2quest|1859127B-479ECBB6-5AFE6282-83349E4C 982EB5F0-47D17D5F-344B2C94-BBA48CB4 E7675295-4917A5F1-4938309A-E9AB89DC 68FC4975-4F319B67-FAC473A5-62122859 67D06E19-4321233F-616B198C-E9F63CA2|0.227467|1703 1551]];;;;;;;;;;;;;;
gwint_card_isengrim;;;;;Quest;Novigrad;sq310;Quest End Reward;[[quests\witcher3_quest.w2quest|1859127B-479ECBB6-5AFE6282-83349E4C 982EB5F0-47D17D5F-344B2C94-BBA48CB4 E7675295-4917A5F1-4938309A-E9AB89DC 68FC4975-4F319B67-FAC473A5-62122859 67D06E19-4321233F-616B198C-E9F63CA2|0.227467|1703 1551]];;;;;;;;;;;;;;
gwint_card_schirru;;1;;;Won;NML;;Caravan trader west of Vegelbud Residence.;[[dlc\ep1\data\quests\cyrograf_quest.w2quest|C11C615C-469067DD-B225F482-82A802BA 5989E0E7-4CB9678A-0D81C383-474ECAAB 760D4C8C-4C8C160D-057CFF89-A82B9B44 08EE6C57-4C4783F3-16FEE7A2-D0FA1124|0.821289|43 185]];;;;;;;;;;;;;;
gwint_card_olgierd;;1;;;Won;NML;;Shani in Oxenfurt;dlc\ep1\data\quests\main_npcs\default_dialogues\shani_default.w2scene;;;;;;;;;;;;;;
gwint_card_toad;;1;;;Won;Novigrad;;Olgierd;dlc\ep1\data\quests\main_npcs\default_dialogues\olgierd_default.w2scene;;;;;;;;;;;;;;
gwint_card_zoltan;;;;1;Won;Prologue;;Gwent Teacher - White Orchard Inn;[[quests\prologue\quest_files\q001_beggining\q001_after_nightmare.w2quest|2E8F300A-4CD70F69-299D8C9E-FCC575E9 7BB3D455-4103278E-47F004A3-FD2E0844 4D61CA83-4A684240-4259FAAD-473AE977 622689B1-46DEF18C-87008885-988C2DD2|1.27176|-1280 533]];;;;;;;;;;;;;;
gwint_card_assire;;;;;Won;Random;;;;;;;;;;;;;;;;;
gwint_card_stefan;;;;;Won;Random;;;;;;;;;;;;;;;;;
gwint_card_renuald;;;;;Won;Random;;;;;;;;;;;;;;;;;
gwint_card_rotten;;;;;Won;Random;;;;;;;;;;;;;;;;;
gwint_card_shilard;;;;;Won;Random;;;;;;;;;;;;;;;;;
gwint_card_vanhemar;;;;;Won;Random;;;;;;;;;;;;;;;;;
gwint_card_vattier;;;;;Won;Random;;;;;;;;;;;;;;;;;
gwint_card_vreemde;;;;;Won;Random;;;;;;;;;;;;;;;;;
gwint_card_cahir;;;;;Won;Random;;;;;;;;;;;;;;;;;
gwint_card_siege_tower;;;;;Won;Random;;;;;;;;;;;;;;;;;
gwint_card_philippa;;;;;Won;Random;;;;;;;;;;;;;;;;;
gwint_card_dennis;;;;;Won;Random;;;;;;;;;;;;;;;;;
gwint_card_ida;;;;;Won;Random;;;;;;;;;;;;;;;;;
gwint_card_filavandrel;;;;;Won;Random;;;;;;;;;;;;;;;;;
gwint_card_toruviel;;;;;Won;Random;;;;;;;;;;;;;;;;;
gwint_card_riordain;;;;;Won;Random;;;;;;;;;;;;;;;;;
gwint_card_ciaran;;;;;Won;Random;;;;;;;;;;;;;;;;;
gwint_card_havekar_support2;;;;;Won;Random;;;;;;;;;;;;;;;;;
gwint_card_dol_infantry2;;;;;Won;Random;;;;;;;;;;;;;;;;;
gwint_card_dol_infantry3;;;;;Won;Random;;;;;;;;;;;;;;;;;
gwint_card_dol_dwarf2;;;;;Won;Random;;;;;;;;;;;;;;;;;
gwint_card_dol_dwarf3;;;;;Won;Random;;;;;;;;;;;;;;;;;
gwint_card_elf_skirmisher2;;;;;Won;Random;;;;;;;;;;;;;;;;;
gwint_card_elf_skirmisher3;;;;;Won;Random;;;;;;;;;;;;;;;;;
gwint_card_vrihedd_cadet;;;;;Won;Random;;;;;;;;;;;;;;;;;
gwint_card_havekar_nurse;;;;;Won;Random;;;;;;;;;;;;;;;;;
gwint_card_kayran;;;;;Won;Random;;;;;;;;;;;;;;;;;
gwint_card_imlerith;;;;;Won;Random;;;;;;;;;;;;;;;;;
gwint_card_forktail;;;;;Won;Random;;;;;;;;;;;;;;;;;
gwint_card_griffin;;;;;Won;Random;;;;;;;;;;;;;;;;;
gwint_card_plague_maiden;;;;;Won;Random;;;;;;;;;;;;;;;;;
gwint_card_frightener;;;;;Won;Random;;;;;;;;;;;;;;;;;
gwint_card_endrega;;;;;Won;Random;;;;;;;;;;;;;;;;;
gwint_card_gargoyle;;;;;Won;Random;;;;;;;;;;;;;;;;;
gwint_card_celaeno_harpy;;;;;Won;Random;;;;;;;;;;;;;;;;;
gwint_card_fire_elemental;;;;;Won;Random;;;;;;;;;;;;;;;;;
gwint_card_arachas_behemoth;;;;;Won;Random;;;;;;;;;;;;;;;;;
gwint_card_nekker3;;;;;Won;Random;;;;;;;;;;;;;;;;;
gwint_card_grave_hag;;;;;Won;Random;;;;;;;;;;;;;;;;;
gwint_card_garkain;;;;;Won;Random;;;;;;;;;;;;;;;;;
gwint_card_wyvern;;;;;Won;Random;;;;;;;;;;;;;;;;;
gwint_card_ghoul2;;;;;Won;Random;;;;;;;;;;;;;;;;;
gwint_card_ghoul3;;;;;Won;Random;;;;;;;;;;;;;;;;;
gwint_card_crone_brewess;;;;;Won;Random;;;;;;;;;;;;;;;;;
gwint_card_cockatrice;;;;;Won;Random;;;;;;;;;;;;;;;;;
gwint_card_emiel;;;;;Won;Random;;;;;;;;;;;;;;;;;
gwint_card_villen;;;;;Won;Random;;;;;;;;;;;;;;;;;
gwint_card_frost;2;;;;Won;Random;;;;;;;;;;;;;;;;;
gwint_card_fog;2;;;;Won;Random;;;;;;;;;;;;;;;;;
gwint_card_rain;2;;;;Won;Random;;;;;;;;;;;;;;;;;
gwint_card_clear_sky;2;;;;Won;Random;;;;;;;;;;;;;;;;;