sectionID;Name;Title;x;y;time;delay
11;;SCROLLING;;;;
11;;credits_SAPKOWSKI;;;;
11;;;;;;
11;;;;;;
11;;;;;;
11;;;;;;
11;;credits_DIRECTORS;;;;
11;;;;;;
11;;;;;;
11;;credits_STUDIO_HEAD;;;;
11;ADAM BADOWSKI;;;;;
11;;;;;;
11;;credits_RELEASE_MANAGEMENT_&_TECHNICAL_PRODUCT_DIRECTOR;;;;
11;JAKUB KUTRZUBA;;;;;
11;;;;;;
11;;credits_ENGINEERING_DIRECTOR;;;;
11;CHARLES TREMBLAY;;;;;
11;;;;;;
11;;credits_ART_DIRECTOR;;;;
11;LUCJAN WIĘCEK;;;;;
11;;;;;;
11;;credits_GLOBAL_ART_DIRECTOR;;;;
11;JAKUB KNAPIK;;;;;
11;;;;;;
11;;credits_ACTING_NARRATIVE_DIRECTOR;;;;
11;PHILIPP WEBER;;;;;
11;;;;;;
11;;credits_LOCALIZATION_DIRECTOR;;;;
11;MIKOŁAJ SZWED;;;;;
11;;;;;;
11;;credits_CREATIVE_DIRECTOR;;;;
11;SEBASTIAN KALEMBA;;;;;
11;;;;;;
11;;credits_DESIGN_DIRECTOR;;;;
11;GRZEGORZ MOCARSKI;;;;;
11;;;;;;
11;;credits_STORY_DIRECTOR;;;;
11;MARCIN BLACHA;;;;;
11;;;;;;
11;;credits_ENGLISH_ADAPTATION_DIRECTOR;;;;
11;BORYS PUGACZ-MURASZKIEWICZ;;;;;
11;;;;;;
11;;credits_AUDIO_DIRECTOR;;;;
11;ATSUSHI SUGANUMA;;;;;
11;;;;;;
11;;credits_MUSIC_DIRECTOR;;;;
11;MARCIN PRZYBYLOWICZ;;;;;
11;;;;;;
11;;CRE_VP_OF_PR_GLOBAL_COMMUNICATION;;;;
11;MICHAŁ PLATKOW-GILEWSKI;;;;;
11;;;;;;
11;;credits_GLOBAL_PR_DIRECTOR;;;;
11;RADEK GRABOWSKI;;;;;
11;;;;;;
11;;credits_GLOBAL_COMMUNITY_DIRECTOR;;;;
11;MARCIN MOMOT;;;;;
11;;;;;;
11;;CRE_GLOBAL_COMMUNICATION_DIRECTOR;;;;
11;ROBERT MALINOWSKI;;;;;
11;;;;;;
11;;credits_GLOBAL_BRAND_MARKETING_DIRECTOR;;;;
11;AMIR GHAREAGHADJE;;;;;
11;;;;;;
11;;credits_BUSINESS_DEVELOPMENT_DIRECTOR;;;;
11;JAN ROSNER;;;;;
11;;;;;;
11;;credits_DIRECTOR_OF_GLOBAL_PRODUCTION;;;;
11;MAGDALENA DRĄŻEK;;;;;
11;;;;;;
11;;credits_GLOBAL_MARKETING_DIRECTOR;;;;
11;KAMIL KOSZ;;;;;
11;;;;;;
11;;;;;;
11;;;;;;
11;;credits_CORETEAM;;;;
11;;;;;;
11;;;;;;
11;;CRE_PROJECT_LEAD;;;;
11;;;;;;
11;JAKUB KUTRZUBA;;;;;
11;;;;;;
11;;credits_PROJECT_TECH_LEAD;;;;
11;;;;;;
11;CHARLES TREMBLAY;;;;;
11;;;;;;
11;;credits_PROJECT_ART_LEAD;;;;
11;;;;;;
11;JAKUB KNAPIK;;;;;
11;LUCJAN WIĘCEK;;;;;
11;;;;;;
11;;CRE_PRODUCTION;;;;
11;;;;;;
11;RYU UNDERHILL;;;;;
11;;;;;;
11;;credits_CODE_ENGINEERING;;;;
11;;;;;;
11;PRANAV BALAJI;;;;;
11;DAVID BLOCK;;;;;
11;MEHDI CHAID;;;;;
11;PRZEMYSŁAW CZATROWSKI;;;;;
11;NIMA DAVARI;;;;;
11;TIM GREEN;;;;;
11;ALI SATTARI JAVID;;;;;
11;MARCIN KULIKOWSKI;;;;;
11;RAFAŁ NOWAKOWSKI;;;;;
11;ANDREW MACDONALD;;;;;
11;DAVID ST-LOUIS;;;;;
11;COLIN WALDER;;;;;
11;;;;;;
11;;credits_QUEST_GAMEPLAY;;;;
11;;;;;;
11;EERO VARENDI;;;;;
11;PHILIPP WEBER;;;;;
11;;;;;;
11;;credits_ART_AND_CONTENT;;;;
11;;;;;;
11;RAFAL BARTNIK;;;;;
11;MARCIN BLASZCZAK;;;;;
11;MICHAŁ BUCZKOWSKI;;;;;
11;JAKUB CHECHELSKI;;;;;
11;MARK FOREMAN;;;;;
11;MICHAŁ JANISZEWSKI;;;;;
11;KAJETAN KAPUŚCIŃSKI;;;;;
11;MARCIN KLICKI;;;;;
11;AXEL KRAEFFT;;;;;
11;ANTON LEONOV;;;;;
11;JAKUB MADEŁA;;;;;
11;WOJCIECH MICHALSKI;;;;;
11;DOMINIK MILECKI;;;;;
11;KRZYSZTOF OLBORSKI;;;;;
11;DANIEL OLEJNIK;;;;;
11;ERIH PAZANIN;;;;;
11;MACIEJ PIETRAS;;;;;
11;PRZEMYSŁAW PULIT;;;;;
11;TOMASZ STRYJEWSKI;;;;;
11;MILES TOST;;;;;
11;MATEUSZ WALUS;;;;;
11;KONRAD ZIOMEK;;;;;
11;;;;;;
11;;credits_MODS_INTEGRATIONS;;;;
11;;;;;;
11;EERO VARENDI;;;;;
11;;;;;;
11;;credits_UI;;;;
11;;;;;;
11;YAROSLAV GETSEVICH;;;;;
11;;;;;;
11;;CRE_LOCALIZATION;;;;
11;;;;;;
11;WIKTORIA PACIOREK;;;;;
11;DAVID TRIEU;;;;;
11;;;;;;
11;;credits_QA;;;;
11;;;;;;
11;TOMASZ HERBRICH;;;;;
11;PIOTR STRADOWSKI;;;;;
11;MATEUSZ SYKUŁA;;;;;
11;;;;;;
11;;credits_TECHNICAL_SUPPORT;;;;
11;;;;;;
11;JOAO PEDRO DE MELLO;;;;;
11;;;;;;
11;;;;;;
11;;;;;;
11;;credits_CD_PROJEKT_RED;;;;
11;;;;;;
11;;CRE_PRODUCTION;;;;
11;;;;;;
11;;credits_PUBLISHING_PRODUCER;;;;
11;RYU UNDERHILL;;;;;
11;;;;;;
11;;CRE_PRODUCER;;;;
11;ANNA CZAPLINSKA;;;;;
11;;;;;;
11;;credits_PUBLISHING_PRODUCER;;;;
11;OLEG SHATULO;;;;;
11;;;;;;
11;;CRE_PRODUCER;;;;
11;ALICJA BIELECKA;;;;;
11;;;;;;
11;;;;;;
11;;credits_CODE;;;;
11;;;;;;
11;;credits_ENGINEERING_DIRECTOR;;;;
11;CHARLES TREMBLAY;;;;;
11;;;;;;
11;;credits_ENGINEERING_DIRECTOR;;;;
11;COLIN WALDER;;;;;
11;;;;;;
11;;credits_LEAD_ENGINE_PROGRAMMER;;;;
11;DAVID ST-LOUIS;;;;;
11;;;;;;
11;;credits_CODE_RENDERING_ACTING_LEAD;;;;
11;PRZEMYSŁAW CZATROWSKI;;;;;
11;;;;;;
11;;credits_EXPERT_GRAPHICS_PROGRAMMER;;;;
11;TIM GREEN;;;;;
11;;;;;;
11;;credits_SENIOR_GRAPHICS_PROGRAMMER;;;;
11;RAFAŁ NOWAKOWSKI;;;;;
11;;;;;;
11;;credits_SENIOR_PROGRAMMER;;;;
11;ALI SATTARI JAVID;;;;;
11;;;;;;
11;;credits_SENIOR_ENGINE_PROGRAMMER;;;;
11;DAVID BLOCK;;;;;
11;;;;;;
11;;credits_ENGINE_PROGRAMMER;;;;
11;ANDREW MACDONALD;;;;;
11;;;;;;
11;;credits_ENGINE_PROGRAMMER;;;;
11;NIMA DAVARI;;;;;
11;;;;;;
11;;credits_PROGRAMMER;;;;
11;MEHDI CHAID;;;;;
11;;;;;;
11;;credits_JUNIOR_PROGRAMMER;;;;
11;PRANAV BALAJI;;;;;
11;;;;;;
11;;;;;;
11;;credits_DEVOPS;;;;
11;;;;;;
11;;credits_ENGINEERING_MANAGER;;;;
11;MARCIN KULIKOWSKI;;;;;
11;;;;;;
11;;credits_SENIOR_C_DEVELOPER;;;;
11;PRZEMYSŁAW RYCIUK;;;;;
11;;;;;;
11;;credits_C_DEVELOPER;;;;
11;PAWEŁ ŚWIĄTEK;;;;;
11;;;;;;
11;;credits_C_DEVELOPER;;;;
11;KAROL ŻUCHOWSKI;;;;;
11;;;;;;
11;;;;;;
11;;CRE_QUEST_DESIGN;;;;
11;;;;;;
11;;credits_ACTING_NARRATIVE_DIRECTOR;;;;
11;PHILIPP WEBER;;;;;
11;;;;;;
11;;credits_SENIOR_QUEST_DESIGNER;;;;
11;JOANNA RADOMSKA;;;;;
11;;;;;;
11;;credits_QUEST_DESIGNER;;;;
11;EERO VARENDI;;;;;
11;;;;;;
11;;credits_QUEST_DESIGNER;;;;
11;DOMINIKA KUCZYŃSKA;;;;;
11;;;;;;
11;;credits_QUEST_DESIGNER;;;;
11;DESPOINA ANETAKI;;;;;
11;;;;;;
11;;credits_QUEST_DESIGNER;;;;
11;KONRAD CHLASTA;;;;;
11;;;;;;
11;;;;;;
11;;credits_STORY;;;;
11;;;;;;
11;;credits_LEAD_WRITER;;;
11;ALEKSANDRA MOTYKA;;;;;
11;;;;;;
11;;credits_WRITER;;;;
11;KATARZYNA KRAIŃSKA;;;;;
11;;;;;;
11;;;;;;
11;;credits_CINEMATIC_ANIMATION;;;;
11;;;;;;
11;;credits_LEAD_CINEMATIC_ANIMATOR;;;;
11;MACIEJ PIETRAS;;;;;
11;;;;;;
11;;credits_CINEMATIC_ANIMATOR;;;;
11;ANETA PASŁAWSKA;;;;;
11;;;;;;
11;;;;;;
11;;CRE_GAMEPLAY_DESIGN;;;;
11;;;;;;
11;;credits_SENIOR_GAMEPLAY_DESIGNER;;;;
11;ANDRZEJ KWIATKOWSKI;;;;;
11;;;;;;
11;;CRE_GAMEPLAY_DESIGN;;;;
11;JĘDRZEJ JUSZCZAK;;;;;
11;;;;;;
11;;credits_ADDITIONAL_GAMEPLAY_DESIGN;;;;
11;EERO VARENDI;;;;;
11;;;;;;
11;;;;;;
11;;credits_CINEMATIC_DESIGN;;;;
11;;;;;;
11;;credits_LEAD_CINEMATIC_DESIGNER;;;;
11;KAJETAN KAPUŚCIŃSKI;;;;;
11;;;;;;
11;;credits_SENIOR_CINEMATIC_DESIGNER;;;;
11;BARTOSZ NOWAK;;;;;
11;;;;;;
11;;;;;;
11;;credits_LEVEL_DESIGN;;;;
11;;;;;;
11;;credits_ACTING_LEAD_LEVEL_DESIGNER;;;;
11;MILES TOST;;;;;
11;;;;;;
11;;;;;;
11;;CRE_TECHNICAL_ART;;;;
11;;;;;;
11;;CRE_TECHNICAL_ARTIST;;;;
11;ADAM WROTEK;;;;;
11;;;;;;
11;;;;;;
11;;CRE_CONCEPT_ART;;;;
11;;;;;;
11;;CRE_LEAD_CONCEPT_ARTIST;;;;
11;YAMANDU ORCE;;;;;
11;;;;;;
11;;credits_EXPERT_CONCEPT_ARTIST;;;;
11;JAN MAREK;;;;;
11;;;;;;
11;;credits_EXPERT_CONCEPT_ARTIST;;;;
11;MAREK MADEJ;;;;;
11;;;;;;
11;;credits_CONCEPT_ARTIST;;;;
11;MARTA LEYDY-ODRZYWOLSKA;;;;;
11;;;;;;
11;;;;;;
11;;credits_ASSETS;;;;
11;;;;;;
11;;credits_SENIOR_ENVINROMENT_ARTIST_ASSET_COORDINATOR;;;;
11;ANTON LEONOV;;;;;
11;;;;;;
11;;credits_LEAD_ASSET_ARTIST;;;;
11;AXEL KRAEFFT;;;;;
11;;;;;;
11;;credits_SENIOR_ASSET_ARTIST;;;;
11;MATEUSZ WALUS;;;;;
11;;;;;;
11;;credits_SENIOR_ASSET_ARTIST;;;;
11;RAFAL BARTNIK;;;;;
11;;;;;;
11;;credits_RIGGING;;;;
11;;;;;;
11;;credits_SENIOR_CHARACTER_TECHNICAL_DIRECTOR;;;;
11;JAKUB MADEŁA;;;;;
11;;;;;;
11;;;;;;
11;;CRE_CHARACTER_ART;;;;
11;;;;;;
11;;CRE_LEAD_CHARACTER_ARTIST;;;;
11;DOMINIK MILECKI;;;;;
11;;;;;;
11;;credits_EXPERT_CHARACTER_ARTIST;;;;
11;MARCIN BLASZCZAK;;;;;
11;;;;;;
11;;credits_EXPERT_MONSTER_COORDINATOR;;;;
11;MARCIN KLICKI;;;;;
11;;;;;;
11;;credits_EXPERT_CHARACTER_ARTIST;;;;
11;WOJCIECH MICHALSKI;;;;;
11;;;;;;
11;;credits_SENIOR_CHARACTER_HEAD_MODELING_SUPERVISOR;;;;
11;TOMASZ STRYJEWSKI;;;;;
11;;;;;;
11;;credits_SENIOR_HAIR_COORDINATOR;;;;
11;ERIH PAZANIN;;;;;
11;;;;;;
11;;credits_SENIOR_CHARACTER_ARTIST;;;;
11;JAKUB CHECHELSKI;;;;;
11;;;;;;
11;;credits_SENIOR_CHARACTER_ARTIST;;;;
11;PRZEMYSŁAW PULIT;;;;;
11;;;;;;
11;;credits_HAIR_ARTIST;;;;
11;ALINA VILKOVA;;;;;
11;;;;;;
11;;;;;;
11;;credits_ENVIRONMENT_ART;;;;
11;;;;;;
11;;CRE_LEAD_ENVIRONMENT_ARTIST;;;;
11;MICHAŁ JANISZEWSKI;;;;;
11;;;;;;
11;;credits_EXPERT_ENVIRONMENT_ARTIST;;;;
11;MARK FOREMAN;;;;;
11;;;;;;
11;;credits_EXPERT_ENVIRONMENT_ARTIST;;;;
11;KRZYSZTOF OLBORSKI;;;;;
11;;;;;;
11;;credits_EXPERT_ENVIRONMENT_ARTIST;;;;
11;DANIEL OLEJNIK;;;;;
11;;;;;;
11;;credits_EXPERT_ENVIRONMENT_ARTIST;;;;
11;MICHAŁ BUCZKOWSKI;;;;;
11;;;;;;
11;;;;;;
11;;credits_UI;;;;
11;;;;;;
11;;credits_UI_ACTING_LEAD;;;;
11;YAROSLAV GETSEVICH;;;;;
11;;;;;;
11;;credits_UI_ARTIST;;;;
11;KAROLINA KŁOS;;;;;
11;;;;;;
11;;credits_JUNIOR_UI_ARTIST;;;;
11;DARIA GRZYBOWSKA;;;;;
11;;;;;;
11;;credits_JUNIOR_UI_DESIGNER;;;;
11;YELYZAVETA KOVALENKO;;;;;
11;;;;;;
11;;;;;;
11;;credits_VFX;;;;
11;;;;;;
11;;credits_SENIOR_VFX_ARTIST;;;;
11;PAWEŁ KWIATEK;;;;;
11;;;;;;
11;;credits_VFX_ACTING_LEAD;;;;
11;KONRAD ZIOMEK;;;;;
11;;;;;;
11;;;;;;
11;;credits_ADDITIONALVFX;;;;
11;;;;;;
11;;credits_ADDITIONALVFX;;;;
11;PHILIPP WEBER;;;;;
11;;;;;;
11;;;;;;
11;;credits_AUDIO/SFX;;;;
11;;;;;;
11;;credits_EXPERT_SOUND_DESIGNER;;;;
11;PAWEŁ DAUDZWARD;;;;;
11;;;;;;
11;;credits_SOUND_DESIGNER;;;;
11;PATRYK WOZNIAK;;;;;
11;;;;;;
11;;;;;;
11;;credits_MOTION_CAPTURE;;;;
11;;;;;;
11;;credits_MOTION_CAPTURE_LEAD;;;;
11;ŁUKASZ ZAWŁOCKI;;;;;
11;;;;;;
11;;credits_SENIOR_MOTION_CAPTURE_SPECIALIST;;;;
11;ŁUKASZ NIEJADLIK;;;;;
11;;;;;;
11;;credits_SENIOR_MOTION_CAPTURE_SPECIALIST;;;;
11;TOMASZ KOWALCZYK;;;;;
11;;;;;;
11;;credits_MOTION_CAPTURE_STAGE_ASSISTANT;;;;
11;PAWEŁ BRAJCZEWSKI;;;;;
11;;;;;;
11;;;;;;
11;;CRE_LOCALIZATION;;;;
11;;;;;;
11;;credits_LOCALIZATION_DIRECTOR;;;;
11;MIKOŁAJ SZWED;;;;;
11;;;;;;
11;;credits_ENGLISH_ADAPTATION_DIRECTOR;;;;
11;BORYS PUGACZ-MURASZKIEWICZ;;;;;
11;;;;;;
11;;credits_ENGLISH_ADAPTATION_SPECIALISTS;;;;
11;JARED DYE;;;;;
11;;;;;;
11;;credits_ENGLISH_ADAPTATION_SPECIALISTS;;;;
11;ANIELA PRAMIK;;;;;
11;;;;;;
11;;credits_SENIOR_LOCALIZATION_PROJECT_MANAGER;;;;
11;ALEXANDER RADKEVICH;;;;;
11;;;;;;
11;;credits_SENIOR_LOCALIZATION_PROJECT_MANAGER;;;;
11;DAVID TRIEU;;;;;
11;;;;;;
11;;CRE_LOCALISATION_PROJECT_MANAGER;;;;
11;WALDEMAR PEREIRA PIEKARSKI;;;;;
11;;;;;;
11;;CRE_LOCALISATION_PROJECT_MANAGER;;;;
11;MARTA CANNILLA;;;;;
11;;;;;;
11;;CRE_LOCALISATION_PROJECT_MANAGER;;;;
11;MARÍA DE LOS ÁNGELES RODRÍGUEZ MARRERO;;;;;
11;;;;;;
11;;credits_LOCALIZATION_QA_ANALYST_COORDINATOR;;;;
11;PAULA MACKIEWICZ-ARMSTRONG;;;;;
11;;;;;;
11;;credits_LOCALIZATION_QA_ANALYSTS;;;;
11;WIKTORIA PACIOREK;;;;;
11;;;;;;
11;;credits_LOCALIZATION_QA_ANALYSTS;;;;
11;MONIKA ZALESKA;;;;;
11;;;;;;
11;;;;;;
11;;credits_ONLINE_SERVICES;;;;
11;;;;;;
11;;credits_ONLINE_SERVICES_DIRECTOR;;;;
11;PIOTR MARZEC;;;;;
11;;;;;;
11;;credits_ONLINE_SERVICES_TECHNICAL_DIRECTOR;;;;
11;MICHAŁ GRUCHAŁA;;;;;
11;;;;;;
11;;credits_EXPERT_SOFTWARE_ENGINEER;;;;
11;ADAM MAŁECKI;;;;;
11;;;;;;
11;;credits_EXPERT_SOFTWARE_ENGINEER;;;;
11;PAWEŁ SIKORSKI;;;;;
11;;;;;;
11;;credits_EXPERT_SOFTWARE_ENGINEER;;;;
11;JOHN SCHNEIDERMAN;;;;;
11;;;;;;
11;;credits_PRODUCT_OWNER;;;;
11;ADAM KOBIERACKI;;;;;
11;;;;;;
11;;credits_LEAD_SOFTWARE_ENGINEER;;;;
11;GEORGII KORSHUNOV;;;;;
11;;;;;;
11;;credits_EXPERT_SOFTWARE_ENGINEER;;;;
11;JAROSŁAW LISICKI;;;;;
11;;;;;;
11;;credits_DATA_PRODUCT_MANAGER;;;;
11;DAMIAN WELC;;;;;
11;;;;;;
11;;credits_PRODUCT_OWNER;;;;
11;ALEKSEJ PAWLOWSKIJ;;;;;
11;;;;;;
11;;credits_SENIOR_GAME_DATA_ANALYST;;;;
11;PRZEMYSŁAW TOMASZEWSKI;;;;;
11;;;;;;
11;;credits_LEAD_SOFTWARE_ENGINEER;;;;
11;LESZEK KRUPIŃSKI;;;;;
11;;;;;;
11;;credits_SENIOR_SOFTWARE_ENGINEER;;;;
11;ALEKSANDR REVO;;;;;
11;;;;;;
11;;credits_SOFTWARE_ENGINEER;;;;
11;FILIP TOMASZEWSKI;;;;;
11;;;;;;
11;;credits_SOFTWARE_ENGINEER;;;;
11;JAROSŁAW KSIĘŻUK;;;;;
11;;;;;;
11;;credits_GAME_DATA_ANALYST;;;;
11;DANIEL LASKOWSKI;;;;;
11;;;;;;
11;;credits_QA_ENGINEER;;;;
11;RAFAŁ LICHOCKI;;;;;
11;;;;;;
11;;credits_SENIOR_SOFTWARE_ENGINEER;;;;
11;SERGEY ZAMULKA;;;;;
11;;;;;;
11;;credits_SENIOR_GAME_DATA_ANALYST;;;;
11;ALEKSANDRA GUZIK;;;;;
11;;;;;;
11;;credits_JUNIOR_FRONTEND_ENGINEER;;;;
11;PATRIK JAGIELSKI;;;;;
11;;;;;;
11;;credits_SOFTWARE_ENGINEER;;;;
11;DAMIAN RYBOŁOWICZ;;;;;
11;;;;;;
11;;credits_SOFTWARE_ENGINEER;;;;
11;JUSTYNA SKALSKA;;;;;
11;;;;;;
11;;credits_QA_ENGINEER;;;;
11;VIKTOR JAKUSKIN;;;;;
11;;;;;;
11;;credits_SENIOR_SOFTWARE_ENGINEER;;;;
11;TOMASZ STANKIEWICZ;;;;;
11;;;;;;
11;;credits_UX_UI_DESIGNER;;;;
11;PIOTR WOŹNY;;;;;
11;;;;;;
11;;;;;;
11;;CRE_QUALITY_ASSURANCE;;;;
11;;;;;;
11;;credits_ACTING_QA_MANAGER;;;;
11;PAWEŁ WRÓBLEWSKI;;;;;
11;;;;;;
11;;credits_TECH_QA_LEAD;;;;
11;MACIEJ ZNOSKO;;;;;
11;;;;;;
11;;credits_TECH_QA_LEAD;;;;
11;SZYMON BĄK;;;;;
11;;;;;;
11;;credits_TECH_QA_COORDINATOR;;;;
11;TOMASZ HERBRICH;;;;;
11;;;;;;
11;;credits_ART_QA_COORDINATOR;;;;
11;SZYMON SKOWRON;;;;;
11;;;;;;
11;;credits_SENIOR_QA_ANALYST;;;;
11;MICHAŁ KOWALCZYK;;;;;
11;;;;;;
11;;CRE_ART_QA_ANALYST;;;;
11;IGOR PIWOŃSKI;;;;;
11;;;;;;
11;;CRE_ART_QA_ANALYST_AUDIO;;;;
11;THOMAS WHITE;;;;;
11;;;;;;
11;;CRE_QA_ANALYST;;;;
11;AMADEA SOKOŁOWSKA;;;;;
11;;;;;;
11;;CRE_JUNIOR_ART_QA_ANALYST;;;;
11;PATRYCJA WYPUSTEK;;;;;
11;;;;;;
11;;CRE_JUNIOR_ART_QA_ANALYST;;;;
11;ZOFIA WOŁOSZYN;;;;;
11;;;;;;
11;;CRE_JUNIOR_TECH_QA_ANALYST;;;;
11;PIOTR STRADOWSKI;;;;;
11;;;;;;
11;;CRE_JUNIOR_TECH_QA_ANALYST;;;;
11;KRZYSZTOF MARUT;;;;;
11;;;;;;
11;;CRE_JUNIOR_TECH_QA_ANALYST;;;;
11;DAWID MICHALAK;;;;;
11;;;;;;
11;;credits_TECHNICAL_SUPPORT;;;;
11;;;;;;
11;;credits_TECHNICAL_SUPPORT_MANAGER;;;;
11;KAROLINA NIEWĘGŁOWSKA;;;;;
11;;;;;;
11;;credits_TECHNICAL_SUPPORT_ENGINEER;;;;
11;MICHAEL BOCK;;;;;
11;;;;;;
11;;credits_TECHNICAL_SUPPORT_SPECIALIST;;;;
11;JOAO PEDRO DE MELLO;;;;;
11;;;;;;
11;;credits_SENIOR_TECHNICAL_SUPPORT_SPECIALIST;;;;
11;MICHAŁ KALINOWSKI;;;;;
11;;;;;;
11;;credits_TECHNICAL_SUPPORT_SPECIALIST;;;;
11;ANNA PACH;;;;;
11;;;;;;
11;;credits_TECHNICAL_SUPPORT_SPECIALIST;;;;
11;MONIKA RESZCZYŃSKA;;;;;
11;;;;;;
11;;credits_SENIOR_TECHNICAL_SUPPORT_ENGINEER;;;;
11;PAWEŁ RUDNICKI;;;;;
11;;;;;;
11;;credits_TECHNICAL_SUPPORT_ENGINEER;;;;
11;MARIIA STRILCHUK;;;;;
11;;;;;;
11;;credits_TECHNICAL_SUPPORT_SPECIALIST;;;;
11;ALEKSANDRA WĄSIEWICZ;;;;;
11;;;;;;
11;;credits_TECHNICAL_SUPPORT_ASSOCIATE;;;;
11;GEORG IVANOV;;;;;
11;;;;;;
11;;;;;;
11;;credits_BUSINESS_DEVELOPMENT;;;;
11;;;;;;
11;;credits_BUSINESS_DEVELOPMENT_DIRECTOR;;;;
11;JAN ROSNER;;;;;
11;;;;;;
11;;CRE_JUNIOR_PARTNERSHIPS_MANAGER;;;;
11;KACPER ULLMANN;;;;;
11;;;;;;
11;;credits_JR_BUSINESS_DEVELOPMENT_MANAGER;;;;
11;DAREK GRZYWACZEWSKI;;;;;
11;;;;;;
11;;CRE_PROCUREMENT_MANAGER;;;;
11;KAROLINA KOPEK;;;;;
11;;;;;;
11;;credits_PROCUREMENT_SPECIALIST;;;;
11;PAULINA PŁOSKA;;;;;
11;;;;;;
11;;CRE_GLOBAL_LICENSING_DIRECTOR;;;;
11;NICK MCWHORTER;;;;;
11;;;;;;
11;;CRE_LICENSING_&_MERCHANDISE_MANAGER;;;;
11;ANDREA SANDERS;;;;;
11;;;;;;
11;;;;;;
11;;credits_LEGAL;;;;
11;;;;;;
11;;CRE_GENERAL_COUNSEL;;;;
11;EWELINA JAROSZ-ZGODA;;;;;
11;;;;;;
11;;CRE_SENIOR_COUNSEL_BIZ_IP_LEAD;;;;
11;ANNA PIECHÓWKA;;;;;
11;;;;;;
11;;CRE_SENIOR_LEGAL_COUNSEL;;;;
11;ADAM KRASSOWSKI;;;;;
11;;;;;;
11;;credits_LEGAL_COUNSEL;;;;
11;KINGA PALIŃSKA;;;;;
11;;;;;;
11;;credits_LEGAL_COUNSEL;;;;
11;KUBA JANKOWSKI;;;;;
11;;;;;;
11;;CRE_JUNIOR_LEGAL_COUNSEL;;;;
11;KLAUDIA KINASTOWSKA;;;;;
11;;;;;;
11;;;;;;
11;;credits_RELEASE_MANAGEMENT;;;;
11;;;;;;
11;;credits_RELEASE_TEAM_LEAD;;;;
11;NATALIA KULTYS;;;;;
11;;;;;;
11;;credits_PUBLISHING_PRODUCER;;;;
11;RYU UNDERHILL;;;;;
11;;;;;;
11;;credits_PUBLISHING_PRODUCER;;;;
11;OLEG SHATULO;;;;;
11;;;;;;
11;;credits_RELEASE_MANAGER;;;;
11;AGNIESZKA KRAIŃSKA;;;;;
11;;;;;;
11;;credits_RELEASE_MANAGER;;;;
11;ARTUR KEPEN;;;;;
11;;;;;;
11;;CRE_JUNIOR_RELEASE_MANAGER;;;;
11;STEFAN STAMATESCU;;;;;
11;;;;;;
11;;CRE_JUNIOR_RELEASE_MANAGER;;;;
11;JAKUB KURACH;;;;;
11;;;;;;
11;;;;;;
11;;credits_GLOBAL_BRAND;;;;
11;;;;;;
11;;credits_GLOBAL_BRAND_MARKETING_DIRECTOR;;;;
11;AMIR GHAREAGHADJE;;;;;
11;;;;;;
11;;credits_GLOBAL_MARKETING_DIRECTOR;;;;
11;KAMIL KOSZ;;;;;
11;;;;;;
11;;;;;;
11;;credits_MARKETING_PRODUCTION;;;;
11;;;;;;
11;;credits_EXPERT_PRODUCER;;;;
11;MICHAŁ KRZEMIŃSKI;;;;;
11;;;;;;
11;;CRE_SENIOR_PRODUCER;;;;
11;ANNA PIETRZAK;;;;;
11;;;;;;
11;;CRE_SENIOR_PRODUCER;;;;
11;MAGDALENA DARDA-LEDZION;;;;;
11;;;;;;
11;;credits_PROJET_MANAGER_PRODUCER;;;;
11;MICHAŁ MALENTA;;;;;
11;;;;;;
11;;CRE_PRODUCER;;;;
11;ZUZANNA KOCHAŃSKA;;;;;
11;;;;;;
11;;CRE_PRODUCER;;;;
11;JUSTYNA LEMIEUX-LEFEBVRE;;;;;
11;;;;;;
11;;CRE_PRODUCER;;;;
11;INGA KOSIM;;;;;
11;;;;;;
11;;;;;;
11;;credits_MARKETING_CREATIVE_-_PROMO_ART;;;;
11;;;;;;
11;;credits_PROMO_ART_TEAM_LEAD;;;;
11;ERNEST KOŚKA;;;;;
11;;;;;;
11;;credits_SENIOR_PROMO_ARTIST;;;;
11;OLGIERD CISZAK;;;;;
11;;;;;;
11;;credits_SENIOR_PROMO_ARTIST;;;;
11;MACIEJ STANISŁAWSKI;;;;;
11;;;;;;
11;;credits_SENIOR_PROMO_ARTIST;;;;
11;DANIEL VALAISIS;;;;;
11;;;;;;
11;;credits_SENIOR_PROMO_ARTIST;;;;
11;ŁUKASZ WIKTORZAK;;;;;
11;;;;;;
11;;credits_SENIOR_PROMO_3D_ARTIST;;;;
11;MACIEJ ŁYPIK;;;;;
11;;;;;;
11;;credits_PROMO_ARTIST;;;;
11;ALEKSANDER BIEROŃSKI;;;;;
11;;;;;;
11;;credits_PROMO_ARTIST;;;;
11;DILARA OZDEN;;;;;
11;;;;;;
11;;credits_3D_MODELER_&_CHARACTER_ARTIST;;;;
11;ARTUR TARNOWSKI;;;;;
11;;;;;;
11;;;;;;
11;;credits_MARKETING_CREATIVE_-_GRAPHIC_DESIGN;;;;
11;;;;;;
11;;credits_LEAD_GRAPHIC_DESIGNER;;;;
11;MATTHEW WOODLAND;;;;;
11;;;;;;
11;;credits_SENIOR_GRAPHIC_DESIGNERS;;;;
11;ADAM KIERES;;;;;
11;;;;;;
11;;credits_SENIOR_GRAPHIC_DESIGNERS;;;;
11;ANASTAZJA KUDRA;;;;;
11;;;;;;
11;;credits_GRAPHIC_DESIGNER;;;;
11;AGNIESZKA MOMOT;;;;;
11;;;;;;
11;;credits_GRAPHIC_DESIGNER;;;;
11;ROBERT BUBEL;;;;;
11;;;;;;
11;;credits_GRAPHIC_DESIGNER;;;;
11;GABRIELA PEŠKOVÁ;;;;;
11;;;;;;
11;;credits_GRAPHIC_DESIGNER;;;;
11;JULIYA SLANCHAK;;;;;
11;;;;;;
11;;CRE_EDITORIAL_GRAPHIC_DESIGNER;;;;
11;TOMASZ KŁOS;;;;;
11;;;;;;
11;;CRE_EDITORIAL_GRAPHIC_DESIGNER;;;;
11;GRZEGORZ FIJAS;;;;;
11;;;;;;
11;;CRE_DTP_SPECIALIST;;;;
11;KAMIL PRUSZYŃSKI;;;;;
11;;;;;;
11;;credits_GRAPHIC_DESIGN_INTERN;;;;
11;KATARZYNA NOSENKO;;;;;
11;;;;;;
11;;credits_GRAPHIC_DESIGNER;;;;
11;KUBA STYPEREK;;;;;
11;;;;;;
11;;;;;;
11;;credits_MARKETING_CREATIVE_-_SCREENSHOTS;;;;
11;;;;;;
11;;CRE_IN-GAME_PHOTOGRAPHY_ACTING_LEAD;;;;
11;MACIEJ ZOŃ;;;;;
11;;;;;;
11;;CRE_SENIOR_IN-GAME_ENGINE_SPECIALIST;;;;
11;JACEK SZAROSZYK;;;;;
11;;;;;;
11;;credits_IN-GAME_PHOTOGRAPHER;;;;
11;WOJCIECH SOKOŁOWSKI;;;;;
11;;;;;;
11;;credits_IN-GAME_PHOTOGRAPHER;;;;
11;KIRA MATYSIAK;;;;;
11;;;;;;
11;;;;;;
11;;credits_MARKETING_CREATIVE_-_VIDEO;;;;
11;;;;;;
11;;credits_VIDEO_TEAM_LEAD;;;;
11;JACEK KROGULSKI;;;;;
11;;;;;;
11;;credits_SENIOR_MOTION_DESIGNER;;;;
11;ANNA STARZYŃSKA-SOBKOWICZ;;;;;
11;;;;;;
11;;credits_SENIOR_MOTION_DESIGNER;;;;
11;MAI TRAN NGOC THANH;;;;;
11;;;;;;
11;;credits_SENIOR_VIDEO_EDITOR_&_STREAMING_ENGINEER;;;;
11;MARCIN BAWOLSKI;;;;;
11;;;;;;
11;;credits_SENIOR_VIDEO_ARTIST;;;;
11;RAFAL BIEŃKO;;;;;
11;;;;;;
11;;CRE_VIDEO_EDITOR_STREAMING_ENGINEER;;;;
11;BARTOSZ BRZOZOWSKI;;;;;
11;;;;;;
11;;CRE_VIDEO_EDITOR_STREAMING_ENGINEER;;;;
11;MACIEJ BŁASZKOWSKI;;;;;
11;;;;;;
11;;credits_VIDEO_ARTIST;;;;
11;MICHAŁ BERNAŚ;;;;;
11;;;;;;
11;;credits_VIDEO_ARTIST;;;;
11;ADAM DUDEK;;;;;
11;;;;;;
11;;credits_VIDEO_ARTIST;;;;
11;JAN WACHOWSKI;;;;;
11;;;;;;
11;;credits_GAMEPLAY_CAPTURE_ARTIST;;;;
11;SŁAWOMIR SZOSTEK;;;;;
11;;;;;;
11;;credits_SOUND_DESIGNER;;;;
11;FILIP KANIECKI;;;;;
11;;;;;;
11;;CRE_VIDEO_EDITOR-SOCIAL_MEDIA;;;;
11;BARTŁOMIEJ KŁOSIEWICZ;;;;;
11;;;;;;
11;;;;;;
11;;credits_MARKETING_CREATIVE_-_WRITERS'_ROOM;;;;
11;;;;;;
11;;CRE_WRITERS_ROOM_LEAD;;;;
11;ŁUKASZ LUDKOWSKI;;;;;
11;;;;;;
11;;credits_WRITER;;;;
11;ALEX SUTTON;;;;;
11;;;;;;
11;;;;;;
11;;credits_FRANCHISE_LORE;;;;
11;;;;;;
11;;CRE_FRANCHISE_AND_LORE_DESIGNER;;;;
11;PATRICK MILLS;;;;;
11;;;;;;
11;;CRE_FRANCHISE_AND_LORE_DESIGNER;;;;
11;MARCIN BATYLDA;;;;;
11;;;;;;
11;;;;;;
11;;credits_FRANCHISE_ART;;;;
11;;;;;;
11;;CRE_HEAD_OF_FRANCHISE_ART;;;;
11;PRZEMYSŁAW JUSZCZYK;;;;;
11;;;;;;
11;;;;;;
11;;credits_FRANCHISE_DEVELOPEMENT;;;;
11;;;;;;
11;;CRE_CREATIVE_PRODUCER;;;;
11;GABRIEL WORGAFTIK;;;;;
11;;;;;;
11;;;;;;
11;;credits_MEDIA_TEAM;;;;
11;;;;;;
11;;credits_MEDIA_STRATEGIST;;;;
11;ALEKSANDRA STRYJEK;;;;;
11;;;;;;
11;;MEDIA_MANAGER_NORTH_AMERICA;;;;
11;FRANCIS MEDINA;;;;;
11;;;;;;
11;;CRE_JUNIOR_PAID_MEDIA_SPECIALIST;;;;
11;ALEKSANDRA GRZEŚKIEWICZ;;;;;
11;;;;;;
11;;credits_DATA_ANALYST;;;;
11;ALEKSANDRA KOWALCZYK;;;;;
11;;;;;;
11;;;;;;
11;;credits_CHANNEL_MARKETING;;;;
11;;;;;;
11;;CRE_GLOBAL_BRAND_PARTNERSHIPS_MANAGER;;;;
11;BEN LOW;;;;;
11;;;;;;
11;;CRE_SENIOR_MARKETING_SPECIALIST;;;;
11;ALIONA VALCHEUSKAYA;;;;;
11;;;;;;
11;;CRE_SENIOR_MARKETING_SPECIALIST;;;;
11;MARIA WINIECKA;;;;;
11;;;;;;
11;;CRE_SENIOR_MARKETING_SPECIALIST;;;;
11;GABRIELA JAROSZYŃSKA;;;;;
11;;;;;;
11;;credits_JUNIOR_MARKETING_SPECIALIST;;;;
11;ELINA TOLSTOVA;;;;;
11;;;;;;
11;;;;;;
11;;credits_ONLINE_MARKETING;;;;
11;;;;;;
11;;credits_SENIOR_ONLINE_MARKETING_MANAGER;;;;
11;MICHAŁ TUSZYŃSKI;;;;;
11;;;;;;
11;;credits_ONLINE_PROJECT_MANAGER;;;;
11;MARTA KOZOWNICKA;;;;;
11;;;;;;
11;;credits_ONLINE_PROJECT_MANAGER;;;;
11;GRZEGORZ ARWAR;;;;;
11;;;;;;
11;;credits_WEB_DEVELOPMENT_TEAM_LEAD;;;;
11;VOLODYMYR SHELELO;;;;;
11;;;;;;
11;;credits_PHP_PROGRAMMER;;;;
11;BARTOSZ WIOSNA;;;;;
11;;;;;;
11;;credits_FULL_STACK_DEVELOPER;;;;
11;MIKHAIL KOZLOV;;;;;
11;;;;;;
11;;credits_JUNIOR_WEB_DEVELOPER;;;;
11;DOMINIKA ŁUGOWSKA;;;;;
11;;;;;;
11;;credits_JUNIOR_WEB_DEVELOPER;;;;
11;PATRYCJA HAŃDZIUK;;;;;
11;;;;;;
11;;;;;;
11;;credits_PR_AND_COMMUNICATION;;;;
11;;;;;;
11;;CRE_VP_OF_PR_GLOBAL_COMMUNICATION;;;;
11;MICHAŁ PLATKOW-GILEWSKI;;;;;
11;;;;;;
11;;credits_GLOBAL_PR_DIRECTOR;;;;
11;RADEK GRABOWSKI;;;;;
11;;;;;;
11;;credits_GLOBAL_COMMUNITY_DIRECTOR;;;;
11;MARCIN MOMOT;;;;;
11;;;;;;
11;;CRE_GLOBAL_COMMUNICATION_DIRECTOR;;;;
11;ROBERT MALINOWSKI;;;;;
11;;;;;;
11;;CRE_GLOBAL_EVENTS_MANAGEMENT_LEAD;;;;
11;MAŁGORZATA SAWNOR;;;;;
11;;;;;;
11;;credits_HEAD_OF_COMMUNICATION_BRAZIL_LATAM;;;;
11;MARIANA BEVILACQUA;;;;;
11;;;;;;
11;;credits_HEAD_OF_COMMUNICATION_FRANCE;;;;
11;FLORIE BUECHELER;;;;;
11;;;;;;
11;;credits_HEAD_OF_COMMUNICATION_GSA;;;;
11;FABIAN DÖHLA;;;;;
11;;;;;;
11;;credits_PR_MANAGER_RUSSIA_CIS;;;;
11;ZHANNA BALADIAN;;;;;
11;;;;;;
11;;credits_PR_PROJECT_MANAGER;;;;
11;MARTA PIWOŃSKA;;;;;
11;;;;;;
11;;CRE_PR_MANAGER;;;;
11;ALESSANDRO FILENI;;;;;
11;;;;;;
11;;CRE_JUNIOR_PR_SPECIALIST;;;;
11;KATARZYNA WNĘK;;;;;
11;;;;;;
11;;credits_SENIOR_COPYWRITER;;;;
11;MARCIN ŁUKASZEWSKI;;;;;
11;;;;;;
11;;credits_SENIOR_COPYWRITER;;;;
11;RYAN BOWD;;;;;
11;;;;;;
11;;CRE_COPYWRITER;;;;
11;ŁUKASZ GRĘDA;;;;;
11;;;;;;
11;;CRE_JUNIOR_COPYWRITER;;;;
11;ALICJA ZAPALSKA;;;;;
11;;;;;;
11;;CRE_MEDIA_FLUENCY_TRAINER;;;;
11;MICHAŁ GIERSZ;;;;;
11;;;;;;
11;;CRE_SENIOR_COMMUNICATION_MANAGER;;;;
11;PAWEŁ BURZA;;;;;
11;;;;;;
11;;CRE_SENIOR_COMMUNITY_MANAGER;;;;
11;DOMINIKA BURZA;;;;;
11;;;;;;
11;;CRE_SENIOR_COMMUNITY_MANAGER;;;;
11;AMELIA KOŁAT;;;;;
11;;;;;;
11;;CRE_SENIOR_COMMUNITY_MANAGER;;;;
11;SEBASTIAN SIEJKA;;;;;
11;;;;;;
11;;credits_COMMUNITY_MANAGER;;;;
11;ALICJA KOZERA;;;;;
11;;;;;;
11;;credits_SENIOR_COMMUNICATION_MANAGER,_CHINA;;;;
11;LINGJIN MENG;;;;;
11;;;;;;
11;;CRE_SENIOR_BRAND_MANAGER;;;;
11;TED LI;;;;;
11;;;;;;
11;;credits_COMMUNITY_&_PR_MANAGER,_MENA;;;;
11;MAHA DAHALAN;;;;;
11;;;;;;
11;;CRE_COUNTRY_MANAGER,_JAPAN;;;;
11;SATORU HOMMA;;;;;
11;;;;;;
11;;CRE_PR_COMMUNITY_MANAGER_JAPAN;;;;
11;MAYUKO TAKI;;;;;
11;;;;;;
11;;CRE_JUNIOR_COMMUNITY_MANAGER_ITALY;;;;
11;BEATRICE PANCALLI;;;;;
11;;;;;;
11;;credits_COMMUNITY_MANAGER,_FRANCE;;;;
11;CAMILLE NOGUEIRA;;;;;
11;;;;;;
11;;CRE_SENIOR_COMMUNITY_MANAGER_GERMANY;;;;
11;CAROLIN WENDT;;;;;
11;;;;;;
11;;credits_COMMUNITY_MANAGER,_GERMANY;;;;
11;RYAN SCHOU;;;;;
11;;;;;;
11;;credits_COMMUNITY_MANAGER,_RUSSIA_&_CIS;;;;
11;EKATERINA CHIGRINOVA;;;;;
11;;;;;;
11;;CRE_COUNTRY_MANAGER,_KOREA;;;;
11;PAUL JAEWOO JUNG;;;;;
11;;;;;;
11;;CRE_MARKETING_MANAGER,_KOREA;;;;
11;EVAN SEUNGTAIK OH;;;;;
11;;;;;;
11;;credits_COMMUNITY_MANAGER,_KOREA;;;;
11;WANG CHEOL KO;;;;;
11;;;;;;
11;;credits_COMMUNITY_MANAGER,_CHINA;;;;
11;ISLAND WANG;;;;;
11;;;;;;
11;;CRE_JUNIOR_COMMUNITY_MANAGER;;;;
11;YUH-EN HUANG;;;;;
11;;;;;;
11;;CRE_JUNIOR_COMMUNITY_MANAGER;;;;
11;KRZYSZTOF JABŁOŃSKI;;;;;
11;;;;;;
11;;CRE_JUNIOR_COMMUNITY_MANAGER;;;;
11;LILIA KOZERA;;;;;
11;;;;;;
11;;;;;;
11;;credits_SENIOR_EVENT_MANAGER;;;;
11;MACIEJ REPUTAKOWSKI-MADEJ;;;;;
11;;;;;;
11;;credits_EVENT_SPECIALIST;;;;
11;ALEKSANDRA DĄBROWSKA;;;;;
11;;;;;;
11;;CRE_JUNIOR_EVENT_SPECIALIST;;;;
11;NIKOLA LEŚNIAK-PADUCH;;;;;
11;;;;;;
11;;;;;;
11;;;;;;
11;;;;;;
11;;CRE_IT_&_SECURITY_DIRECTOR;;;;
11;ŁUKASZ BUCZYŃSKI;;;;;
11;;;;;;
11;;CRE_SECURITY;;;;
11;;;;;;
11;;CRE_IT_SECURITY_SPECIALIST;;;;
11;ADAM EKSTEROWICZ;;;;;
11;;;;;;
11;;CRE_JUNIOR_IT_SECURITY_SPECIALIST;;;;
11;LIGIA LEGENZA;;;;;
11;;;;;;
11;;CRE_INTERNAL_CYBERSECURITY_COORDINATOR;;;;
11;KAROL BYRA;;;;;
11;;;;;;
11;;CRE_IT_SECURITY_SPECIALIST;;;;
11;PAULINA GAŁADYK;;;;;
11;;;;;;
11;;CRE_SENIOR_IT_SECURITY_SPECIALIST;;;;
11;MATEUSZ BISKUPSKI;;;;;
11;;;;;;
11;;CRE_SENIOR_PENTESTER;;;;
11;BARTOSZ STYCZYŃSKI;;;;;
11;;;;;;
11;;CRE_SENIOR_CYBERSECURITY_SPECIALIST;;;;
11;ZUZANNA BERNACKA;;;;;
11;;;;;;
11;;CRE_JUNIOR_CYBERSECURITY_SPECIALIST;;;;
11;NATALIA KLUCZNIK;;;;;
11;;;;;;
11;;CRE_JUNIOR_CYBERSECURITY_SPECIALIST;;;;
11;ANNA KRAWCZAK;;;;;
11;;;;;;
11;;CRE_ONLINE_CYBERSECURITY_COORDINATOR;;;;
11;NORBERT PIĘDZIAK;;;;;
11;;;;;;
11;;CRE_IT_COMPLIANCE_EXPERT;;;;
11;MATEUSZ LITEWIAK;;;;;
11;;;;;;
11;;;;;;
11;;credits_IT;;;;
11;;;;;;
11;;CRE_IT_INFRASTRUCTURE_MANAGER;;;;
11;MARCIN KORZYCKI;;;;;
11;;;;;;
11;;CRE_IT_INFRASTRUCTURE_ADMINISTRATOR_/_SYSTEMS EXPERT;;;;
11;RYSZARD JÓZWIAK;;;;;
11;;;;;;
11;;CRE_IT_INFRASTRUCTURE_ADMINISTRATOR_/_NETWORK_EXPERT_/_SYSTEMS_EXPERT;;;;
11;GRZEGORZ KRÓLIKOWSKI;;;;;
11;;;;;;
11;;CRE_IT_INFRASTRUCTURE_PROJECT_MANAGER_/_ARCHITECTURE_EXPERT;;;;
11;MAREK MARTYKA;;;;;
11;;;;;;
11;;CRE_IT INFRASTRUCTURE ADMINISTRATOR /_ARCHITECTURE_SENIOR;;;;
11;RADOSŁAW PYCIA;;;;;
11;;;;;;
11;;CRE_IT_INFRASTRUCTURE_ADMINISTRATOR_/_NETWORK_EXPERT;;;;
11;DAMIAN WARZYWODA;;;;;
11;;;;;;
11;;CRE_IT_INFRASTRUCTURE_ADMINISTRATOR_/_SYSTEMS_SPECIALIST;;;;
11;ALEKSANDER CICHOŃ;;;;;
11;;;;;;
11;;CRE_IT_INFRASTRUCTURE_ADMINISTRATOR_/_SYSTEMS_SPECIALIST;;;;
11;ARTUR GARBULA;;;;;
11;;;;;;
11;;CRE_IT_INFRASTRUCTURE_ADMINISTRATOR_/_SYSTEMS_SPECIALIST;;;;
11;KAMIL OSUCHOWSKI;;;;;
11;;;;;;
11;;CRE_IT_INFRASTRUCTURE_ADMINISTRATOR_/_SYSTEMS_SENIOR_/_CLOUD SPECIALIST;;;;
11;EMMA PATEREK;;;;;
11;;;;;;
11;;CRE_IT_INFRASTRUCTURE_ADMINISTRATOR_/_SYSTEMS_SENIOR_/_CLOUD SPECIALIST;;;;
11;DOMINIK MARCINIAK;;;;;
11;;;;;;
11;;CRE_IT_INFRASTRUCTURE_ADMINISTRATOR_/_SYSTEMS_SENIOR;;;;
11;PAWEŁ ZASKÓRSKI;;;;;
11;;;;;;
11;;CRE_IT_INFRASTRUCTURE_ADMINISTRATOR_/_SYSTEMS_JUNIOR;;;;
11;JAKUB KLECKI;;;;;
11;;;;;;
11;;CRE_IT_SPECIALIST;;;;
11;LANCE WIFFEN;;;;;
11;;;;;;
11;;CRE_IT_SERVICEDESK_MANAGER;;;;
11;ALEKSANDER PAWLIK;;;;;
11;;;;;;
11;;CRE_IT_SERVICEDESK_SPECIALIST;;;;
11;FILIP BARANOWSKI;;;;;
11;;;;;;
11;;CRE_IT_SERVICEDESK_SPECIALIST;;;;
11;WOJCIECH BODZENTO;;;;;
11;;;;;;
11;;CRE_IT_SERVICEDESK_SPECIALIST;;;;
11;ALIAKSANDR HRES;;;;;
11;;;;;;
11;;CRE_IT_IT_ON-SITE_SUPPORT_SPECIALIST;;;;
11;DANIEL ŚNITKO;;;;;
11;;;;;;
11;;CRE_JUNIOR_IT_SERVICEDESK_SPECIALIST;;;;
11;TOMASZ JACKOWIAK;;;;;
11;;;;;;
11;;CRE_IT_SERVICEDESK_SPECIALIST;;;;
11;HUBERT SKŁADOWSKI;;;;;
11;;;;;;
11;;CRE_IT_SERVICEDESK_SPECIALIST;;;;
11;MICHAŁ BRZYWCZY;;;;;
11;;;;;;
11;;CRE_IT_SERVICEDESK_SPECIALIST;;;;
11;PATRYK MICHOWSKI;;;;;
11;;;;;;
11;;CRE_IT_SERVICEDESK_ASSETS_SPECIALIST;;;;
11;KAROLINA JEFIMOW;;;;;
11;;;;;;
11;;CRE_JUNIOR_IT_SERVICEDESK_SPECIALIST;;;;
11;PATRYK WIŚNIEWSKI;;;;;
11;;;;;;
11;;CRE_JUNIOR_IT_SERVICEDESK_SPECIALIST;;;;
11;KAMIL MISALSKI;;;;;
11;;;;;;
11;;CRE_IT_SERVICEDESK_ASSETS_SPECIALIST;;;;
11;MAGDA BUDZIK;;;;;
11;;;;;;
11;;CRE_SENIOR_IT_SERVICEDESK_SPECIALIST;;;;
11;MATEUSZ ZALEWSKI;;;;;
11;;;;;;
11;;CRE_IT_LICENSE_MANAGER;;;;
11;MICHAŁ GAWRYLUK;;;;;
11;;;;;;
11;;CRE_IT_LICENSE_MANAGER;;;;
11;KATARZYNA JANIK - ZAGHDOUDI;;;;;
11;;;;;;
11;;;;;;
11;;;;;;
11;;;;;;
11;;;;;;
11;YIGSOFT;;;;;
11;;;;;;
11;;CRE_CEO;;;;
11;BENCE HAMBALKO;;;;;
11;;CRE_FOUNDING_PARTNER;;;;
11;AKOS KOTE;;;;;
11;;;;;;
11;;;;;;
11;;credits_ENGINE_PROGRAMMER;;;;
11;MARK LASZLO;;;;;
11;;CRE_TOOLS_PROGRAMMER;;;;
11;MARTON KOCZIAN;;;;;
11;;CRE_TOOLS_PROGRAMMER;;;;
11;DAVID SZABO;;;;;
11;;;;;;
11;;;;;;
11;;;;;;
11;;;;;;
11;SABER INTERACTIVE;;;;;
11;;;;;;
11;;CRE_PRESIDENT;;;;
11;MATTHEW KARCH;;;;;
11;;CRE_CEO;;;;
11;ANDREY IONES;;;;;
11;;credits_CTO;;;;
11;ANTON KRUPKIN;;;;;
11;;;;;;
11;;;;;;
11;;;;;;
11;;CRE_TECHNICAL_DIRECTOR;;;;
11;ANDREY GRIGORIEV;;;;;
11;;;;;;
11;;credits_ART_DIRECTOR;;;;
11;DMITRII KHOLODOV;;;;;
11;;;;;;
11;;credits_QA_DIRECTOR;;;;
11;VIKTOR GLYANENKO;;;;;
11;;;;;;
11;;credits_IT_DIRECTOR;;;;
11;VIKTOR STUPKO;;;;;
11;;;;;;
11;;credits_HR_DIRECTOR;;;;
11;YULIYA EGOROVA;;;;;
11;;;;;;
11;;;;;;
11;;;;;;
11;;;;;;
11;;CRE_LEAD_PROGRAMMER;;;;
11;IVAN POPOV;;;;;
11;;credits_ENGINE_PROGRAMMERS;;;;
11;ADAM KORKMAZOV;;;;;
11;ALEKSANDR DROZHZHIN;;;;;
11;ALEKSEY PODVERBNY;;;;;
11;ALEKSEY STRELTSOV;;;;;
11;ANATOLII GRIDNEV;;;;;
11;ANDREY DRANKEVICH;;;;;
11;ANDREY KILVEIN;;;;;
11;ANDREY RUSANOV;;;;;
11;ANTON FLOKIN;;;;;
11;ARTEM DIKOV;;;;;
11;DANIIL SMIRNOV;;;;;
11;DMITRII NAZAROV;;;;;
11;DMITRII PANKOV;;;;;
11;EVGENIY GUBENKO;;;;;
11;GEORGIY ZHURAVLEV;;;;;
11;IVAN DANILIN;;;;;
11;MAKSIM DOLIDZE;;;;;
11;MAKSIM KRYLOSOV;;;;;
11;MAKSIM VALEINIS;;;;;
11;MATVEY GREJEKOV;;;;;
11;MIKHAIL KIRIMGEROV;;;;;
11;MIKHAIL TOROSHCHIN;;;;;
11;OLEG SOLYANIK;;;;;
11;PAVEL VERMOVICH;;;;;
11;ROMAN LEBEDEV;;;;;
11;SERGEY MIRONOV;;;;;
11;SERGEY SHULMAN;;;;;
11;VARVARA MAKEEVA;;;;;
11;VASILY KONONENKO;;;;;
11;VITALII EVSTRATOV;;;;;
11;VYACHESLAV MASLOV;;;;;
11;VYACHESLAV RUDAKOV;;;;;
11;YURY ALKEVICH;;;;;
11;ZAKHAR SINGERSKIY;;;;;
11;;credits_RENDER_PROGRAMMERS;;;;
11;AIRAT BARAK;;;;;
11;ALEKSANDR PALARAMOV;;;;;
11;ANATOLY LOGACHEV;;;;;
11;ANDREY KONSHIN;;;;;
11;ANDREY SPIVAK;;;;;
11;ANTON EDVARDSSON;;;;;
11;ANTON VASILEV;;;;;
11;DARYA AMBROSOVSKAYA;;;;;
11;DMITRII STAVILEV;;;;;
11;EGOR KOMAROV;;;;;
11;GEORGIY SARKISYAN;;;;;
11;JAVIER SANCHEZ;;;;;
11;MAGNUS ROSEN;;;;;
11;ROMAN BRAYON;;;;;
11;ROSTISLAV MIKHEEV;;;;;
11;TIMOFEY ZVONARSKIJ;;;;;
11;VIKTOR KOLESNIK;;;;;
11;YAROSLAV DMITRIEV-LAPPO;;;;;
11;YURY VLADIMIROV;;;;;
11;;;;;;
11;;;;;;
11;;;;;;
11;;credits_GAME_DESIGNERS;;;;
11;FILIPP IVANOV;;;;;
11;MAKSIM LAKOMSKII;;;;;
11;;;;;;
11;;;;;;
11;;;;;;
11;;credits_LEAD_TECHNICAL_ARTIST;;;;
11;SERGEY DEMIDOV;;;;;
11;;credits_SENIOR_TECHNICAL_ARTIST;;;;
11;KIRILL SEKACHEV;;;;;
11;;credits_TECHNICAL_ARTISTS;;;;
11;ALEKSANDR CHEBOCHAKOV;;;;;
11;ALEKSEY KIRILLOV;;;;;
11;ARTEMII SOKOLOV;;;;;
11;BOGDAN SHCHERBAK;;;;;
11;GEORGIY BELYAEV;;;;;
11;KIRILL ZHARKIKH;;;;;
11;NATALIA KOZLOVSKAYA;;;;;
11;TATIANA GOMZHINA;;;;;
11;;;;;;
11;;;;;;
11;;;;;;
11;;credits_LEAD_UI_ARTIST;;;;
11;ALEKSEY MELNIKOV;;;;;
11;;credits_SENIOR_UI_ARTIST;;;;
11;OKSANA BUROVA;;;;;
11;;;;;;
11;;;;;;
11;;;;;;
11;;credits_HEAD_OF_TEXTURING_DEPARTMENT;;;;
11;ELENA TARNOVSKAYA;;;;;
11;;CRE_SENIOR_TEXTURE_ARTIST;;;;
11;ALEKSEY KONNOV;;;;;
11;ANTON SUMERIN;;;;;
11;;;;;;
11;;;;;;
11;;;;;;
11;;CRE_LEAD_CHARACTER_ARTIST;;;;
11;MAKSIM NEZVANOV;;;;;
11;;credits_JUNIOR_CHARACTER_ARTISTS;;;;
11;EGOR RUMYANTSEV;;;;;
11;KONSTANTIN BATUKHTIN;;;;;
11;;;;;;
11;;;;;;
11;;;;;;
11;;CRE_PRODUCER;;;;
11;ANASTASIA FATINA;;;;;
11;;credits_ASSOCIATE_PRODUCERS;;;;
11;ALEKSANDRA LARTSEVA;;;;;
11;VLADISLAVA MASHKOVSKAYA;;;;;
11;;;;;;
11;;;;;;
11;;;;;;
11;;credits_LEAD_QA;;;;
11;DARIA KASIMANOVA;;;;;
11;DMITRII KHOROSHIKH;;;;;
11;;credits_QA_TESTERS;;;;
11;ANASTASIYA BERDENNIKOVA;;;;;
11;ANDREY EROFEEV;;;;;
11;ANDREY SHAPOSHNIK;;;;;
11;ARSENII PRIIMAKOV;;;;;
11;ARTUR PAKHOMOV;;;;;
11;BORIS SHKENEV;;;;;
11;DMITRII KRUGLIKOV;;;;;
11;EVGENII DOLGOSHEEV;;;;;
11;EVGENII TSAPAEV;;;;;
11;IGOR DEMINSKII;;;;;
11;IRINA UGODNIKOVA;;;;;
11;IRINA ZHIGZHITOVA;;;;;
11;LYUDMILA NAZAROVA;;;;;
11;ROMAN FIRSOV;;;;;
11;STANISLAV ALESHIN;;;;;
11;SVYATOSLAV ZEMSKIKH;;;;;
11;VADIM ALEKHIN;;;;;
11;VADIM GRECHIN-MIRONOV;;;;;
11;YANA SAZHINA;;;;;
11;YAROSLAV VERESHCHAGIN;;;;;
11;;;;;;
11;;;;;;
11;;;;;;
11;;CRE_IT_SPECIALIST;;;;
11;ALBERT KOSAREV;;;;;
11;ALEKSEI TSYBIN;;;;;
11;ANATOLII ZIMOVSKII;;;;;
11;ARTHUR AGADZHANOV;;;;;
11;IVAN LEBEDEV;;;;;
11;NATALIA DAEVA;;;;;
11;RUSLAN BASIMOV;;;;;
11;SERGEY SILCHIN;;;;;
11;VLADISLAV YAKUSHENKO;;;;;
11;;;;;;
11;;;;;;
11;;;;;;
11;;CRE_ADMINISTRATION;;;;
11;LEYLA NOVRUZOVA;;;;;
11;NATALIA LEDIAEVA;;;;;
11;VIKTORIYA KOLGANOVA;;;;;
11;;;;;;
11;;;;;;
11;;;;;;
11;;credits_HR_SPECIALIST;;;;
11;ANASTASIA KURNOSOVA;;;;;
11;ELENA MATVEENKO;;;;;
11;IURII KURASHOV;;;;;
11;LUBOV KUZNETSOVA;;;;;
11;MARIIA IANKO;;;;;
11;TATJANA ARSAKOVA;;;;;
11;ZOIA MASLOVA;;;;;
11;;;;;;
11;;;;;;
11;;;;;;
11;;credits_FINANCE_ACCOUNTING_MANAGERS;;;;
11;MARIYA REZNIKOVA;;;;;
11;YANA BONDAR;;;;;
11;;;;;;
11;;;;;;
11;;;;;;
11;QLOC S.A.;;;;;
11;;;;;;
11;;credits_GENERAL_MANAGER;;;;
11;ADAM PIESIAK;;;;;
11;;;;;;
11;;;;;;
11;;;;;;
11;;credits_BUSINESS_DEVELOPMENT_DIRECTOR;;;;
11;PAWEŁ ZIAJKA;;;;;
11;;CRE_BUSINESS_DEVELOPMENT_MANAGER;;;;
11;ADRIAN CZERWIŃSKI;;;;;
11;;;;;;
11;;;;;;
11;;;;;;
11;;credits_DIRECTOR_OF_QUALITY_ASSURANCE;;;;
11;SERGIUSZ ŚLOSARCZYK;;;;;
11;;credits_QA_PROJECT_MANAGER;;;;
11;MARCIN GÓRNIAK;;;;;
11;;credits_QA_OPERATIONS_MANAGER;;;;
11;PAWEŁ STRZELCZYK;;;;;
11;;credits_QA_COMPLIANCE_MANAGER;;;;
11;JACEK FAJFER;;;;;
11;;credits_QA_LAB_MANAGER;;;;
11;ŁUKASZ MIROSŁAWSKI;;;;;
11;;credits_QA_TRAINING_MANAGER;;;;
11;MICHAŁ RACZYŃSKI;;;;;
11;;credits_QA_TEAM_LEADER;;;;
11;MARTA CZEKALSKA;;;;;
11;KAROLINA JAGNYZIAK;;;;;
11;MICHAŁ MUGERMAN;;;;;
11;JAN ROZBICKI;;;;;
11;MICHAŁ SALAMONIK;;;;;
11;;credits_QA_COMPLIANCE_ENGINEER;;;;
11;JÓSEF BRZOSTEK;;;;;
11;KAMIL KANIA;;;;;
11;DOROTA KOBYLAŃSKA;;;;;
11;MACIEJ KORABOWICZ;;;;;
11;DOMINIKA KOWALSKA;;;;;
11;KINGA KOWALCZYK;;;;;
11;MATEUSZ KOZIARZ;;;;;
11;KAMILA ŁOPATA;;;;;
11;JAN NOWAKOWSKI;;;;;
11;MACIEJ OLEKSÓW;;;;;
11;MICHAŁ POGORZELEC;;;;;
11;MACIEJ SADOWSKI;;;;;
11;SEBASTIAN STOLARCZYK;;;;;
11;PIOTR SZYSZKA;;;;;
11;MATEUSZ TOPOLEWSKI;;;;;
11;MACIEJ WOJNIŁŁO;;;;;
11;;credits_QA_TESTERS;;;;
11;MICHAŁ ANDRZEJEWSKI;;;;;
11;KRYSTIAN BAS;;;;;
11;JAKUB BLACHA;;;;;
11;PATRYK BLICHARZ;;;;;
11;KAMIL BOGUSZEWSKI;;;;;
11;JULIA BOROWICZ;;;;;
11;SAAD BOUCHEBKA;;;;;
11;MACIEJ BUĆKO;;;;;
11;IRENEUSZ BUKACIŃSKI;;;;;
11;STANISŁAW DUL;;;;;
11;MAGDALENA DZIEMIŃSKA;;;;;
11;KAROLINA GADOMSKA;;;;;
11;RAFAŁ GODLEWSKI;;;;;
11;PAWEŁ HERTER;;;;;
11;HUBERT JACASZEK;;;;;
11;KAROLINA JAŹWIŃSKA;;;;;
11;ARKADIUSZ KŁYK;;;;;
11;WOJCIECH KRUKOWSKI;;;;;
11;PIOTR KULESZA;;;;;
11;MACIEJ LATAŁA;;;;;
11;MATEUSZ ŁĘCKI;;;;;
11;DOMINIK ŁOPUSZAŃSKI;;;;;
11;PRZEMYSŁAW MAKAREWICZ;;;;;
11;MIKOŁAJ MAJKUTEWICZ;;;;;
11;JACEK MĄKOSA;;;;;
11;KACPER MOKOSA;;;;;
11;ROBERT NGUYEN;;;;;
11;ABEL NIWIŃSKI;;;;;
11;MACIEJ PŁUSKA;;;;;
11;JAN RADZIEJEWSKI;;;;;
11;PAWEŁ ROZBICKI;;;;;
11;DAVID RUSZKOWSKI;;;;;
11;MACIEJ SADOWSKI;;;;;
11;MAGDA SAREŁŁO;;;;;
11;JOANNA SOŁTYSIAK;;;;;
11;YULIIA SOROKA;;;;;
11;PAULINA STAŃCZAK;;;;;
11;MIKOŁAJ STOLARSKI;;;;;
11;PATRYK SZYMAŃSKI;;;;;
11;MAKSYMILIAN ULJASZ;;;;;
11;NATALIA WARCHOŁ;;;;;
11;ZUZANNA WIERTLEWSKA;;;;;
11;KAMIL WIĘCŁAWSKI;;;;;
11;TOMASZ ZIÓŁKOWSKI;;;;;
11;TOMASZ ZUBA;;;;;
11;OSKAR ŻURAWSKI;;;;;
11;;;;;;
11;;;;;;
11;;;;;;
11;NVIDIA;;;;;
11;;;;;;
11;;credits_PROJECT_MANAGERS;;;;
11;GEORGE SCOTTO;;;;;
11;JON STORY;;;;;
11;;;;;;
11;;CRE_PRODUCER;;;;
11;DEAN BENT;;;;;
11;;;;;;
11;;credits_ENGINEER;;;;
11;JIHO CHOI;;;;;
11;LEROY SIKKES;;;;;
11;DENIS BARKAR;;;;;
11;ALEXEY BARKOVOY;;;;;
11;IVAN FEDOROV;;;;;
11;IVAN POVAROV;;;;;
11;IVAN ZINKEVICH;;;;;
11;OLI WRIGHT;;;;;
11;;;;;;
11;;credits_QA_ENGINEER;;;;
11;KIRILL ARTYOMKIN;;;;;
11;KIRILL ANTIPENKOV;;;;;
11;ALEXEY MASTOV;;;;;
11;FEDOR GATOV;;;;;
11;VITALY KURIN;;;;;
11;DMITRY POKUSAEV;;;;;
11;VLADIMIR MULABAEV;;;;;
11;;;;;;
11;;;;;;
11;;;;;;
11;AMD;;;;;
11;;;;;;
11;;CRE_SR_DIRECTOR_GAME_ENGINEERING;;;;
11;NICOLAS THIBIEROZ;;;;;
11;;;;;;
11;;CRE_SR_MANAGER_DEVELOPER_RELATION;;;;
11;KEVIN STRANGE;;;;;
11;;;;;;
11;;CRE_SR_MANAGER_GAME_ENGINEERING;;;;
11;JONAS GUSTAVSSON;;;;;
11;;;;;;
11;;CRE_ALLIANCE_MANAGER;;;;
11;KRISTOFER ROSE;;;;;
11;;;;;;
11;;CRE_DEVELOPER_TECHNOLOGY_ENGINEER;;;;
11;ADAM SAWICKI;;;;;
11;ŁUKASZ IZDEBSKI;;;;;
11;;;;;;
11;;;;;;
11;;;;;;
11;INTEL;;;;;
11;;;;;;
11;;credits_SENIOR_DEVELOPER_RELATIONS_ENGINEER;;;;
11;BARTOSZ BOCZULA;;;;;
11;;;;;;
11;;credits_SENIOR_DEVELOPER_RELATIONS_MANAGER;;;;
11;ARTUR MAKSARA;;;;;
11;;;;;;
11;;cre_Graphics_DW_Developement_Engieneer;;;;
11;RAFAŁ JAŚNIAK;;;;;
11;;;;;;
11;;;;;;
11;;;****;;;
11;;;;;;
11;;;;;;
11;;;;;;
11;;credits_VO_RECORDING_AND_TRANSLATION
11;;;;;;
11;;;;;;
11;;credits_ENGLISH;;;;
11;;;;;;
11;;credits_ENGLISH_VOICEOVERS;;;;
11;Side London;;;;;
11;;;;;;
11;;credits_ARTISTIC_SUPERVISION_CPR;;;;
11;Borys Pugacz-Muraszkiewicz;;;;;
11;;credits_CASTING;;;;
11;Martin Vaughan;;;;;
11;;credits_PROJECT_MANAGEMENT;;;;
11;Simonne Lockwood;;;;;
11;;CRE_CASTING;;;;
11;Kim Pearce;;;;;
11;;credits_AUDIO_ENGINEERING;;;;
11;Josh Hutton;;;;;
11;;credits_DIALOGUE_POSTPRO;;;;
11;Edward Towers;;;;;
11;;;;;;
11;;;;;;
11;;credits_POLISH;;;;
11;;;;;;
11;;credits_POLISH_VOICEOVERS;;;;
11;ToStudio;;;;;
11;;;;;;
11;;credits_ARTISTIC_SUPERVISION_CPR;;;;
11;Katarzyna Kraińska;;;;;
11;;credits_PROJECT_MANAGER;;;;
11;Aleksander Cherczyński;;;;;
11;;credits_VOICE_DIRECTOR;;;;
11;Grzegorz Kwiecień;;;;;
11;;CRE_RECORDING_ENGINEER;;;;
11;Aleksander Cherczyński;;;;;
11;;;;;;
11;;;;;;
11;;credits_GERMAN;;;;
11;;;;;;
11;;credits_GERMAN_LOCALIZATION;;;;
11;Globaloc Gmbh;;;;;
11;;;;;;
11;;credits_ARTISTIC_SUPERVISION_CPR;;;;
11;Mikołaj Szwed;;;;;
11;;credits_HEAD_OF_LOCALIZATION;;;;
11;Patrick Fuchs;;;;;
11;;CRE_LOCALISATION_PROJECT_MANAGER;;;;
11;Norman Quast;;;;;
11;;credits_TRANSLATION;;;;
11;Sophie Almer;;;;;
11;;credits_TRANSLATION;;;;
11;Tobias Heinze;;;;;
11;;credits_AUDIO_PROJECT_MANAGER;;;;
11;Horst Baumann;;;;;
11;;credits_STUDIO_MANAGER;;;;
11;Otto Pinto;;;;;
11;;credits_RECORDING_MANAGER;;;;
11;Dirk Lewtschenko;;;;;
11;;credits_ACCOUNT_MANAGER;;;;
11;Daniel Langer;;;;;
11;;credits_VOICE_DIRECTOR;;;;
11;David Riedel;;;;;
11;;CRE_RECORDING_ENGINEER;;;;
11;Otto Pinto;;;;;
11;;credits_POST_PRODUCTION;;;;
11;Otto Pinto;;;;;
11;;credits_POST_PRODUCTION;;;;
11;Hanna Kopel;;;;;
11;;credits_AUDIO_QA_MANAGER;;;;
11;Tobias Krzeslak;;;;;
11;;credits_AUDIO_QA;;;;
11;Hanna Kopel;;;;;
11;;;;;;
11;;;;;;
11;;credits_FRENCH;;;;
11;;;;;;
11;;credits_FRENCH_LOCALIZATION;;;;
11;Keywords Studios France;;;;;
11;;;;;;
11;;credits_ARTISTIC_SUPERVISION_CPR;;;;
11;David Trieu;;;;;
11;;CRE_LOCALISATION_PROJECT_MANAGER;;;;
11;Nathalie Feucht;;;;;
11;;credits_TRANSLATION;;;;
11;François Popieul;;;;;
11;;credits_RECORDING_STUDIO;;;;
11;Keywords Studios France;;;;;
11;;credits_PRODUCTION_MANAGER;;;;
11;Hortense Oudot;;;;;
11;;credits_VOICE_DIRECTOR;;;;
11;Guillaume Ozouf;;;;;
11;;CRE_RECORDING_ENGINEER;;;;
11;Maxime Rocca-Serra;;;;;
11;;;;;;
11;;;;;;
11;;credits_ITALIAN;;;;
11;;;;;;
11;;credits_ITALIAN_LOCALIZATION;;;;
11;Keywords Studios Italy;;;;;
11;;;;;;
11;;credits_ARTISTIC_SUPERVISION_CPR;;;;
11;Marta Cannilla;;;;;
11;;CRE_LOCALIZATION_PRODUCER;;;;
11;Emanuele  Scichilone;;;;;
11;;CRE_LOCALISATION_PROJECT_MANAGER;;;;
11;Carolin Schneider;;;;;
11;;credits_TRANSLATION;;;;
11;Paolo Caronni;;;;;
11;;CRE_TEXT_EDITING;;;;
11;Andrea Franceschi;;;;;
11;;;;;;
11;;;;;;
11;;credits_CASTILIAN_SPANISH;;;;
11;;;;;;
11;;credits_SPANISH_LOCALIZATION;;;;
11;Perfect Sound;;;;;
11;;;;;;
11;;credits_ARTISTIC_SUPERVISION_CPR;;;;
11;María De Los Ángeles Rodríguez Marrero;;;;;
11;;CRE_LOCALISATION_PROJECT_MANAGER;;;;
11;Silvia Pradini;;;;;
11;;credits_TRANSLATION;;;;
11;Alejandro Muñoz Díaz;;;;;
11;;CRE_TEXT_EDITING;;;;
11;Cristina Herraiz Olivas;;;;;
11;;;;;;
11;;;;;;
11;;credits_BRAZILIAN_PORTUGUESE;;;;
11;;;;;;
11;;credits_BRAZILIAN_PORTUGESE_LOCALIZATION;;;;
11;Core Dream Studio;;;;;
11;;;;;;
11;;credits_ARTISTIC_SUPERVISION_CPR;;;;
11;Waldemar Pereira Piekarski;;;;;
11;;CRE_CEO;;;;
11;Gustavo Nader;;;;;
11;;CRE_LEAD_ARTISTIC_DIRECTOR;;;;
11;Gustavo Nader;;;;;
11;;CRE_LOCALISATION_PROJECT_MANAGER;;;;
11;Daniel Zandonadi;;;;;
11;;CRE_LOCALISATION_PROJECT_MANAGER;;;;
11;Leonardo Alves;;;;;
11;;credits_TRANSLATION;;;;
11;Ayrton Jost;;;;;
11;;CRE_TEXT_EDITING;;;;
11;Daniel Zandonadi;;;;;
11;;CRE_RECORDING_ENGINEER;;;;
11;Edson Dias;;;;;
11;;CRE_RECORDING_ENGINEER;;;;
11;Gabriel Bessa;;;;;
11;;CRE_RECORDING_ENGINEER;;;;
11;Ingo Lyrio;;;;;
11;;CRE_RECORDING_ENGINEER;;;;
11;Thassio Nascimento;;;;;
11;;;;;;
11;;;;;;
11;;credits_TRADITIONAL_CHINESE;;;;
11;;;;;;
11;;credits_TRADITIONAL_CHINESE_LOCALIZATION;;;;
11;D Team;;;;;
11;;;;;;
11;;CRE_LOCALISATION_PROJECT_MANAGER;;;;
11;Debbie Chu;;;;;
11;;credits_TRANSLATION;;;;
11;Debbie Chu;;;;;
11;;credits_PROOFREADING;;;;
11;Debbie Chu;;;;;
11;;credits_PROOFREADING;;;;
11;Max Nien;;;;;
11;;;;;;
11;;credits_CZECH;;;;
11;;;;;;
11;;credits_CZECH_LOCALIZATION;;;;
11;Alethloc;;;;;
11;;;;;;
11;;CRE_LOCALISATION_PROJECT_MANAGER;;;;
11;Filip Ženíšek;;;;;
11;;credits_TRANSLATION;;;;
11;Filip Ženíšek;;;;;
11;;credits_PROOFREADING;;;;
11;Adam Hudec;;;;;
11;;;;;;
11;;credits_HUNGARIAN;;;;
11;;;;;;
11;;credits_HUNGARIAN_LOCALIZATION;;;;
11;Qloc S.A.;;;;;
11;;;;;;
11;;CRE_LOCALISATION_PROJECT_MANAGER;;;;
11;Marta Karwowska;;;;;
11;;CRE_LOCALISATION_PROJECT_MANAGER;;;;
11;Adrián Kovács;;;;;
11;;credits_TRANSLATION;;;;
11;András Péterfi;;;;;
11;;CRE_TEXT_EDITING;;;;
11;Zsolt Jakab;;;;;
11;;;;;;
11;;credits_RUSSIAN;;;;
11;;;;;;
11;;credits_RUSSIAN_LOCALIZATION;;;;
11;The Most Games;;;;;
11;;;;;;
11;;credits_ARTISTIC_SUPERVISION_CPR;;;;
11;Alexander Radkevich;;;;;
11;;credits_LOCALIZATION_MANAGEMENT;;;;
11;Mikhail Bryukhanov;;;;;
11;;credits_LOCALIZATION_MANAGEMENT;;;;
11;Dmitry Vyrostkov;;;;;
11;;credits_TRANSLATION;;;;
11;Yuri Andreychuk;;;;;
11;;CRE_TEXT_EDITING;;;;
11;Yuliana Brezhneva;;;;;
11;;credits_PROOFREADING;;;;
11;Yulia Izmaylova;;;;;
11;;credits_PROOFREADING;;;;
11;Svetlana Kryuchkova;;;;;
11;;credits_PROOFREADING;;;;
11;Nadezhda Martynova;;;;;
11;;credits_PROOFREADING;;;;
11;Yulia Soboleva;;;;;
11;;credits_RECORDING_STUDIO;;;;
11;Vox Records;;;;;
11;;credits_VOICE_DIRECTOR;;;;
11;Evelina Novikova;;;;;
11;;credits_VOICE_RECORDING_ENGINEERS;;;;
11;Aleksandr Akimov;;;;;
11;;credits_VOICE_RECORDING_ENGINEERS;;;;
11;Oleg Sulimov;;;;;
11;;credits_VOICE_RECORDING_ENGINEERS;;;;
11;Aleksandr Trukhan;;;;;
11;;;;;;
11;;credits_LOCALIZATION_QA;;;;
11;The Most Games;;;;;
11;;;;;;
11;;credits_HEAD_LOCALIZATION_QA;;;;
11;Dmitry Klimov;;;;;
11;;CRE_LOCALIZATION_LEAD_TESTER:;;;;
11;Ekaterina Podsevalova;;;;;
11;;CRE_TESTERS;;;;
11;Anna Abaeva;;;;;
11;Andrei Antonov;;;;;
11;Ekaterina Geraskina;;;;;
11;Alexey Kiselyov;;;;;
11;Anastasia Khudikova;;;;;
11;Anton Korsakov;;;;;
11;Victoria Lavrentyeva;;;;;
11;Sana Miller;;;;;
11;Tatiana Saenko;;;;;
11;;;;;;
11;;credits_KOREAN;;;;
11;;;;;;
11;;CRE_KOREAN_LOCALIZATION;;;;
11;"Musai Studio Co., Ltd.";;;;;
11;;;;;;
11;;credits_PROJECT_MANAGER;;;;
11;Dooyoung Kim;;;;;
11;;credits_PROJECT_MANAGER;;;;
11;Jieun Kim;;;;;
11;;credits_TRANSLATION;;;;
11;Jonghyun Yeom;;;;;
11;;CRE_TEXT_EDITING;;;;
11;Inho Choi;;;;;
11;;CRE_TEXT_EDITING;;;;
11;Nayoung Hwang;;;;;
11;;credits_KOREAN_ADAPTATION_DIRECTOR;;;;
11;Jaewoon Yu;;;;;
11;;credits_KOREAN_ADAPTATION_SPECIALISTS;;;;
11;Sia Han;;;;;
11;Reno Song;;;;;
11;Minjin Kim;;;;;
11;Nayoung Hwang;;;;;
11;Inho Choi;;;;;
11;Dooyoung Kim;;;;;
11;Jonghyun Yeom;;;;;
11;;;;;;
11;;credits_RECORDING_STUDIO;;;;
11;"Musai Studio Co., Ltd.";;;;;
11;;;;;;
11;;credits_AUDIO_PROJECT_MANAGER;;;;
11;Michael Kong;;;;;
11;;CRE_VOICE_DIRECTORS;;;;
11;Inwook Yi;;;;;
11;;CRE_VOICE_DIRECTORS;;;;
11;Changhyeon Ryu;;;;;
11;;credits_AUDIO_DIRECTOR;;;;
11;Michael Kong;;;;;
11;;credits_SOUND_ENGINEERS;;;;
11;Hyunjoo Moon;;;;;
11;Yujong Ha;;;;;
11;Jina Ryu;;;;;
11;Jiyoon Yu;;;;;
11;;credits_AUDIO_QA;;;;
11;Yujong Ha;;;;;
11;Jina Ryu;;;;;
11;Jiyoon Yu;;;;;
11;;;;;;
11;;credits_CAST;;;;
11;;;;;;
11;;credits_GERALT;;;;
11;Sung Hoon Jung;;;;;
11;;credits_YENNEFER;;;;
11;Da Seul Lee;;;;;
11;;credits_CIRI;;;;
11;Hyun Jung Jo;;;;;
11;;credits_TRISS;;;;
11;Yu Ri Lee;;;;;
11;;credits_KEIRA;;;;
11;Yoon Mi Yuh;;;;;
11;;credits_BARON;;;;
11;Jang Won Lee;;;;;
11;;credits_LAMBERT;;;;
11;Sung Tae Park;;;;;
11;;credits_DIJKSTRA;;;;
11;Gyu Chang Lee;;;;;
11;;credits_DANDELION;;;;
11;Sang Hyun Um;;;;;
11;;credits_ZOLTAN_CHIVAY;;;;
11;Jang Hyuk Ahn;;;;;
11;;credits_CERYS_AN_CRAITE;;;;
11;Yul Kim;;;;;
11;;credits_HJALMAR_AN_CRAITE;;;;
11;Chang Young Hwang;;;;;
11;;credits_AVALLACH;;;;
11;In Sung Oh;;;;;
11;;credits_ESKEL;;;;
11;Chang Wook Kwon;;;;;
11;;credits_CRACH_AN_CRAITE;;;;
11;Jung Hoon Kim;;;;;
11;;credits_ERMION;;;;
11;Sang Hoon Park;;;;;
11;;credits_VESEMIR;;;;
11;Sung Joon Bang;;;;;
11;;credits_PRISCILLA;;;;
11;Mi Na Lee;;;;;
11;;credits_EMHYR_VAR_EMREIS;;;;
11;Seung Han Shim;;;;;
11;;credits_SHANI;;;;
11;Harry Jun;;;;;
11;;credits_OLGIERD;;;;
11;Hyo Min An;;;;;
11;;credits_MIRROR;;;;
11;Ki Chul Kim;;;;;
11;;credits_VLOD;;;;
11;Jae Hun Jung;;;;;
11;;credits_IRIS;;;;
11;Myung Hee Lee;;;;;
11;;credits_VIVALDI;;;;
11;Nak Yoon Choi;;;;;
11;;credits_HORST;;;;
11;In Seok Lee;;;;;
11;;credits_EWALD;;;;
11;Hyun Lee;;;;;
11;;credits_ANNAHENRIETTA;;;;
11;Shin Hee Park;;;;;
11;;credits_SYANNA;;;;
11;Yeon So;;;;;
11;;credits_REGIS;;;;
11;Gyu Chang Lee;;;;;
11;;credits_DAMIEN;;;;
11;Sang Beom Lee;;;;;
11;;credits_DETTLAFF;;;;
11;Han Choi;;;;;
11;;;;;;
11;;CRE_ADDITIONAL_VOICES;;;;
11;Dubooyeon;;;;;
11;Handongsuk;;;;;
11;Hanryang1125;;;;;
11;Saddummy;;;;;
11;Shery;;;;;
11;;;;;;
11;;;;;;
11;;credits_LOCALIZATION_QA;;;;
11;"Musai Studio Co., Ltd.";;;;;
11;;;;;;
11;;credits_LQA_PROJECT_LEADS;;;;
11;Reno Song;;;;;
11;;credits_QA_TESTERS;;;;
11;Yujong Ha;;;;;
11;Yoonseok Choi;;;;;
11;Nayoung Hwang;;;;;
11;Minjin Kim;;;;;
11;Jaewoon Yu;;;;;
11;;;;;;
11;;;;;;
11;;credits_JAPANESE;;;;
11;;;;;;
11;;credits_JAPANESE_LOCALIZATION;;;;
11;"Entalize Co., Ltd.";;;;;
11;;;;;;
11;;credits_ARTISTIC_SUPERVISION_CPR;;;;
11;Yuki Nishio;;;;;
11;;credits_RECORDING_STUDIO;;;;
11;"Entalize Co., Ltd.";;;;;
11;;;;;;
11;;;;;;
11;;credits_LATAM_SPANISH;;;;
11;;;;;;
11;;credits_LATAM_SPANISH_LOCALIZATION;;;;
11;Perfect Sound;;;;;
11;;;;;;
11;;credits_ARTISTIC_SUPERVISION_CPR;;;;
11;María De Los Ángeles Rodríguez Marrero;;;;;
11;;CRE_LOCALISATION_PROJECT_MANAGER;;;;
11;Silvia Pradini;;;;;
11;;credits_TRANSLATION;;;;
11;Eugenia Jiménez;;;;;
11;;;;;;
11;;;;;;
11;;credits_ARABIC;;;;
11;;;;;;
11;;credits_ARABIC_LOCALIZATION;;;;
11;Arlation;;;;;
11;;;;;;
11;;CRE_LOCALIZATION_MANAGER;;;;
11;Khaled Elmancy;;;;;
11;;CRE_LOCALISATION_PROJECT_MANAGER;;;;
11;Amr Hassan;;;;;
11;;CRE_TRANSLATORS;;;;
11;Abdallah Karem;;;;;
11;Abdallah Amin;;;;;
11;Hazem Ouda;;;;;
11;Iman Ibrahim;;;;;
11;Sief El-Deen Mohamed;;;;;
11;Riad Anwer;;;;;
11;;;;;;
11;;;;;;
11;;credits_TURKISH;;;;
11;;;;;;
11;;credits_TURKISH_LOCALIZATION;;;;
11;23 Studios;;;;;
11;;;;;;
11;;credits_PROJECT_MANAGER;;;;
11;Görkem Kutlu;;;;;
11;;credits_TRANSLATION;;;;
11;Onur Saatcioğlu;;;;;
11;;;;;;
11;;;;;;
11;;credits_SIMPLIFIED_CHINESE;;;;
11;;;;;;
11;;credits_SIMPLIFIED_CHINESE_LOCALIZATION;;;;
11;Dimlight Studio;;;;;
11;;;;;;
11;;credits_SENIOR_PRODUCTION_MANAGER;;;;
11;Ming Ma;;;;;
11;;credits_SENIOR_PRODUCTION_MANAGER;;;;
11;Neunundneunzig;;;;;
11;;credits_JUNIOR_PROJECT_MANAGER;;;;
11;Tingting Chen;;;;;
11;Ruofan He;;;;;
11;Wenjing Qin;;;;;
11;Yu Chen;;;;;
11;;credits_TRANSLATION;;;;
11;Alex Zhou;;;;;
11;Alberic;;;;;
11;Xiaomeng Wang;;;;;
11;Neunundneunzig;;;;;
11;;CRE_TEXT_EDITING;;;;
11;Neunundneunzig;;;;;
11;;credits_PROOFREADING;;;;
11;Ming Ma;;;;;
11;;;;;;
11;;credits_RECORDING_STUDIO;;;;
11;Spring Media Studio;;;;;
11;Phoenix Liaoning Studio (Shenyang);;;;;
11;;;;;;
11;;credits_AUDIO_PROJECT_MANAGER;;;;
11;Aida Cao;;;;;
11;Yizhen Hong;;;;;
11;;CRE_VOICE_DIRECTORS;;;;
11;Haitian Hong;;;;;
11;Sylvia Woo;;;;;
11;Yi Liu (Shenyang);;;;;
11;Shengzhang Dong;;;;;
11;Haotian Chen;;;;;
11;Yaxin Wang;;;;;
11;Ruikang Xiong;;;;;
11;Ziyi Qin;;;;;
11;;credits_AUDIO_ENGINEERING;;;;
11;Spring Media Studio;;;;;
11;Voice Bear Studio;;;;;
11;;;;;;
11;Reason Studio;;;;;
11;;credits_AUDIO_QA;;;;
11;Donghui Yang;;;;;
11;Tingting Chen;;;;;
11;Wenjing Qin;;;;;
11;;;;;;
11;;credits_CAST;;;;
11;;credits_GERALT;;;;
11;Haotian Chen;;;;;
11;;credits_YENNEFER;;;;
11;Haitian Hong;;;;;
11;;credits_CIRI;;;;
11;Anqi Zhang / Nianci Shen;;;;;
11;;credits_TRISS;;;;
11;Ying Xie;;;;;
11;;credits_KEIRA;;;;
11;Qi Zhang;;;;;
11;;credits_BARON;;;;
11;Bo Peng;;;;;
11;;credits_LAMBERT;;;;
11;Zhaokun Liu;;;;;
11;;credits_DIJKSTRA;;;;
11;Beichen Liu;;;;;
11;;credits_DANDELION;;;;
11;Ke Jiang;;;;;
11;;credits_ZOLTAN_CHIVAY;;;;
11;Guoqing Yuan;;;;;
11;;credits_CERYS_AN_CRAITE;;;;
11;Xueting Mu;;;;;
11;;credits_HJALMAR_AN_CRAITE;;;;
11;Yao Liu;;;;;
11;;credits_AVALLACH;;;;
11;Hai Fan;;;;;
11;;credits_ESKEL;;;;
11;Qiu Jia;;;;;
11;;credits_CRACH_AN_CRAITE;;;;
11;Guoqing Yuan;;;;;
11;;credits_ERMION;;;;
11;Chong Fu;;;;;
11;;credits_VESEMIR;;;;
11;Yuzhu Cheng;;;;;
11;;credits_PRISCILLA;;;;
11;Li Jiang;;;;;
11;;credits_EMHYR_VAR_EMREIS;;;;
11;Chuanying Li;;;;;
11;;credits_SHANI;;;;
11;Yu Chen;;;;;
11;;credits_OLGIERD;;;;
11;Shengzhang Dong;;;;;
11;;credits_MIRROR;;;;
11;Yijia Liu;;;;;
11;;credits_VLOD;;;;
11;Xin Zhang;;;;;
11;;credits_IRIS;;;;
11;Xue Liu;;;;;
11;;credits_VIVALDI;;;;
11;Haijia Dai;;;;;
11;;credits_HORST;;;;
11;Qiu Jia;;;;;
11;;credits_EWALD;;;;
11;Zhaokun Liu;;;;;
11;;credits_ANNAHENRIETTA;;;;
11;Churong Fan;;;;;
11;;credits_SYANNA;;;;
11;Chengying Xie;;;;;
11;;credits_REGIS;;;;
11;Zongze Xu;;;;;
11;;credits_DAMIEN;;;;
11;Beichen Liu;;;;;
11;;credits_DETTLAFF;;;;
11;Bo Peng;;;;;
11;;;;;;
11;;;;;;
11;;credits_LOCALIZATION_QA;;;;
11;;;;;;
11;Lionbridge Gaming;;;;;
11;;;;;;
11;;credits_BUSINESS_DEVELOPMENT;;;;
11;Błazej Zawadzki;;;;;
11;;CRE_LQA_TEST_DIRECTOR;;;;
11;Damian Domach;;;;;
11;;CRE_SENIOR_TEST_MANAGER;;;;
11;Grzegorz Błonski;;;;;
11;;CRE_SENIOR_TEST_MANAGER;;;;
11;Jean-Baptiste Brutelle;;;;;
11;;CRE_TEST_MANAGER;;;;
11;Guillermo Álvarez Lloret;;;;;
11;;CRE_SENIOR_TEST_LEAD;;;;
11;Jérémie Dion;;;;;
11;;CRE_SENIOR_TEST_LEAD;;;;
11;PIOTR POLIKARSKI;;;;;
11;;CRE_SENIOR_TEST_LEAD;;;;
11;LORD ZHAO;;;;;
11;;credits_ARABIC;;;;
11;Abdalla Kolaib;;;;;
11;;credits_BRAZILIAN_PORTUGUESE;;;;
11;JONAS TIAGO DE LARA RAMOS;;;;;
11;JOÃO SERRANO DO NASCIMENTO;;;;;
11;;credits_CASTILIAN_SPANISH;;;;
11;María Fernández;;;;;
11;Luis Bernabeu Cantó;;;;;
11;;credits_SIMPLIFIED_CHINESE;;;;
11;Xiaohui Guo;;;;;
11;Lingran Wei;;;;;
11;Yu Su;;;;;
11;Zhiwei Zhou;;;;;
11;Haowei Wang;;;;;
11;;credits_CZECH;;;;
11;Romana Hynstová;;;;;
11;Jakub Ziman;;;;;
11;;credits_ENGLISH;;;;
11;Aristeidis Vratolis;;;;;
11;Wojciech Bogacki;;;;;
11;;credits_FRENCH;;;;
11;Julien Lorente;;;;;
11;Romain Cadoz;;;;;
11;;credits_GERMAN;;;;
11;Jacqueline Russe;;;;;
11;Alexander Steindorfer;;;;;
11;;credits_HUNGARIAN;;;;
11;Andras Peter;;;;;
11;Krisztián Vasas;;;;;
11;;credits_ITALIAN;;;;
11;Camilla Miliacca;;;;;
11;Marco Paparella;;;;;
11;;credits_JAPANESE;;;;
11;Yuya Zaitsu;;;;;
11;Kokoro Suzuki;;;;;
11;;credits_KOREAN;;;;
11;Mijin Lee;;;;;
11;Seohee Kim;;;;;
11;;credits_LATAM_SPANISH;;;;
11;Milton Cuellar;;;;;
11;Alberto Solórzano;;;;;
11;;credits_POLISH;;;;
11;Aleksander Berling;;;;;
11;Ida Wytrykowska;;;;;
11;;credits_RUSSIAN;;;;
11;Kseniia Shurdumova;;;;;
11;Volodymyr Botvin;;;;;
11;;credits_TRADITIONAL_CHINESE;;;;
11;Teng Lai;;;;;
11;Crystal Liu Reeder;;;;;
11;;credits_TURKISH;;;;
11;Furkan Eraslan;;;;;
11;Tugay Ünsal;;;;;
11;;;;;;
11;;;;;;
11;;credits_MODDERS;;;;
11;;credits_THANK_YOU_MODDERS;;;;
11;;;;;;
11;;credits_THE_WITCHER_3_HD_REWORKED;;;;
11;BARTOSZ "HALKHOGANPL" CZŁONKA;;;;;
11;;;;;;
11;;credits_HD_MONSTERS_REWORKED;;;;
11;MARCO 'DENROTH' SIMONICCA;;;;;
11;;;;;;
11;;credits_WORLD_MAP_FIXES;;;;
11;MARCO 'TERG500' GITZELMANN;;;;;
11;;;;;;
11;;credits_NITPICKERS_PATCH;;;;
11;CHARLES 'CHUCKCASH' CASH;;;;;
11;;;;;;
11;;credits_IMMERSIVE_REALTIME_CUSTSCENES;;;;
11;TRUNG 'TEIJI' NGUYEN;;;;;
11;;;;;;
11;;credits_FCR3_IMMERSION_AND_GAMEPLAY_TWEAKS;;;;
11;ANDRZEJ 'FLASH' KWIATKOWSKI;;;;;
11;;;;;;
11;;MOD_next_gen_script_fixes;;;;
11;SERHII 'SERGEANUR' ANURIEIEV;;;;;
11;;;;;;
11;;;;;;
11;;;;;;
11;;CRE_SPECIAL_THANKS;;;;
11;;;;;;
11;TOMASZ TINC;;;;;
11;HOLLIE BENNETT;;;;;
11;MARIKO KUSHIBIKI;;;;;
11;EDWARD YANG;;;;;
11;MARTA RACZYŃSKA;;;;;
11;MACIEJ WOJTACHNIA;;;;;
11;KRZYSZTOF KRZYŚCIN;;;;;
11;CHRISTINE FARMER;;;;;
11;RAFAŁ JAKI;;;;;
11;RAFAŁ KŁOCZKO;;;;;
11;KAMIL REDESTOWICZ;;;;;
11;JASON SLAMA;;;;;
11;KRZYSZTOF NOSEK;;;;;
11;MICHAŁ WITANOWSKI;;;;;
11;PAWEŁ PANASIUK;;;;;
11;KRZYSZTOF LIPKA;;;;;
11;PIOTR MALINOWSKI;;;;;
11;MICHAŁ JANCZEWSKI;;;;;
11;MATEUSZ GREINER;;;;;
11;STEPHANIE BAYER;;;;;
11;EKATERINA BAUKOVA;;;;;
11;KEVIN LEAB THONG;;;;;
11;RAFAŁ OBRĘBSKI;;;;;
11;;;;;;
11;;credits_DIVJAK;;;;
